season,season_label,competition_id,league_name,club_id,club_name,spending_eur,income_eur,net_spending_eur,incoming_transfer_count,incoming_known_fee_count,incoming_unknown_fee_count,incoming_free_transfer_count,outgoing_transfer_count,outgoing_known_fee_count,outgoing_unknown_fee_count,outgoing_free_transfer_count
2016,2016/17,L1,Bundesliga,16,Borussia Dortmund,111100000.0,104000000.0,7100000.0,11,10,1,2,4,4,0,1
2016,2016/17,L1,Bundesliga,23826,RB Leipzig,94950000.0,0.0,94950000.0,10,9,1,2,5,5,0,5
2016,2016/17,L1,Bundesliga,27,Bayern Munich,70000000.0,49000000.0,21000000.0,3,2,1,0,4,4,0,1
2016,2016/17,L1,Bundesliga,82,VfL Wolfsburg,65500000.0,18350000.0,47150000.0,11,9,2,2,7,6,1,3
2016,2016/17,L1,Bundesliga,15,Bayer 04 Leverkusen,58200000.0,15000000.0,43200000.0,11,8,3,4,5,5,0,4
2016,2016/17,L1,Bundesliga,18,Borussia Mönchengladbach,40000000.0,45000000.0,-5000000.0,7,5,2,1,2,2,0,1
2016,2016/17,L1,Bundesliga,41,Hamburger SV,36850000.0,4700000.0,32150000.0,11,8,3,2,4,4,0,3
2016,2016/17,L1,Bundesliga,33,FC Schalke 04,34500000.0,53500000.0,-19000000.0,4,4,0,2,7,7,0,4
2016,2016/17,L1,Bundesliga,533,TSG 1899 Hoffenheim,23838000.0,29400000.0,-5562000.0,12,10,2,5,11,11,0,7
2016,2016/17,L1,Bundesliga,39,1.FSV Mainz 05,21650000.0,18700000.0,2950000.0,10,9,1,3,5,4,1,2
2016,2016/17,L1,Bundesliga,60,SC Freiburg,14830000.0,4300000.0,10530000.0,10,9,1,3,9,9,0,7
2016,2016/17,L1,Bundesliga,86,SV Werder Bremen,10500000.0,12500000.0,-2000000.0,9,8,1,5,5,5,0,4
2016,2016/17,L1,Bundesliga,167,FC Augsburg,6500000.0,0.0,6500000.0,7,6,1,3,2,2,0,2
2016,2016/17,L1,Bundesliga,4795,FC Ingolstadt 04,6450000.0,500000.0,5950000.0,7,7,0,4,4,3,1,2
2016,2016/17,L1,Bundesliga,44,Hertha BSC,4200000.0,3000000.0,1200000.0,3,2,1,1,3,3,0,2
2016,2016/17,L1,Bundesliga,3,1.FC Köln,3800000.0,17200000.0,-13400000.0,3,1,2,0,3,3,0,0
2016,2016/17,L1,Bundesliga,24,Eintracht Frankfurt,1000000.0,4800000.0,-3800000.0,6,5,1,4,5,5,0,3
2016,2016/17,L1,Bundesliga,105,SV Darmstadt 98,350000.0,0.0,350000.0,5,5,0,4,3,3,0,3
2016,2016/17,ES1,La Liga,131,FC Barcelona,94750000.0,31000000.0,63750000.0,8,7,1,2,7,7,0,4
2016,2016/17,ES1,La Liga,368,Sevilla FC,64700000.0,48950000.0,15750000.0,12,12,0,4,8,8,0,5
2016,2016/17,ES1,La Liga,13,Atlético de Madrid,39800000.0,10000000.0,29800000.0,16,14,2,11,14,13,1,11
2016,2016/17,ES1,La Liga,418,Real Madrid,30000000.0,2500000.0,27500000.0,9,5,4,4,8,8,0,6
2016,2016/17,ES1,La Liga,681,Real Sociedad,21630000.0,4000000.0,17630000.0,7,6,1,3,3,3,0,2
2016,2016/17,ES1,La Liga,1050,Villarreal CF,20200000.0,41250000.0,-21050000.0,13,9,4,7,11,11,0,9
2016,2016/17,ES1,La Liga,150,Real Betis Balompié,15400000.0,0.0,15400000.0,10,9,1,4,3,3,0,3
2016,2016/17,ES1,La Liga,714,RCD Espanyol Barcelona,11000000.0,0.0,11000000.0,9,6,3,4,7,7,0,7
2016,2016/17,ES1,La Liga,1049,Valencia CF,10000000.0,47000000.0,-37000000.0,9,8,1,6,8,8,0,6
2016,2016/17,ES1,La Liga,940,Celta de Vigo,7400000.0,0.0,7400000.0,4,4,0,1,1,1,0,1
2016,2016/17,ES1,La Liga,1084,Málaga CF,6800000.0,0.0,6800000.0,10,9,1,6,7,6,1,6
2016,2016/17,ES1,La Liga,1108,Deportivo Alavés,5180000.0,0.0,5180000.0,7,7,0,5,4,4,0,4
2016,2016/17,ES1,La Liga,1244,CD Leganés,3500000.0,200000.0,3300000.0,10,10,0,8,8,8,0,7
2016,2016/17,ES1,La Liga,1533,SD Eibar,3200000.0,0.0,3200000.0,7,7,0,4,2,2,0,2
2016,2016/17,ES1,La Liga,16795,Granada CF,2800000.0,21500000.0,-18700000.0,14,13,1,11,18,17,1,15
2016,2016/17,ES1,La Liga,897,Deportivo de La Coruña,1300000.0,20000000.0,-18700000.0,10,9,1,7,8,8,0,7
2016,2016/17,ES1,La Liga,472,UD Las Palmas,400000.0,0.0,400000.0,4,4,0,3,1,1,0,1
2016,2016/17,ES1,La Liga,2448,Sporting Gijón,200000.0,0.0,200000.0,6,6,0,5,5,5,0,5
2016,2016/17,ES1,La Liga,331,CA Osasuna,0.0,3750000.0,-3750000.0,1,1,0,1,2,2,0,1
2016,2016/17,ES1,La Liga,621,Athletic Bilbao,0.0,0.0,0.0,9,4,5,4,4,4,0,4
2016,2016/17,FR1,Ligue 1,583,Paris Saint-Germain,46000000.0,24800000.0,21200000.0,11,9,2,6,9,9,0,6
2016,2016/17,FR1,Ligue 1,162,AS Monaco,42000000.0,11500000.0,30500000.0,11,9,2,5,8,8,0,6
2016,2016/17,FR1,Ligue 1,1041,Olympique Lyon,28600000.0,26500000.0,2100000.0,11,7,4,4,4,4,0,2
2016,2016/17,FR1,Ligue 1,244,Olympique Marseille,20000000.0,61800000.0,-41800000.0,10,9,1,7,12,12,0,9
2016,2016/17,FR1,Ligue 1,1082,LOSC Lille,12500000.0,43000000.0,-30500000.0,7,6,1,3,11,11,0,6
2016,2016/17,FR1,Ligue 1,415,FC Toulouse,8800000.0,9500000.0,-700000.0,8,4,4,2,4,3,1,2
2016,2016/17,FR1,Ligue 1,1158,FC Lorient,5600000.0,12150000.0,-6550000.0,11,7,4,3,5,5,0,3
2016,2016/17,FR1,Ligue 1,40,FC Girondins Bordeaux,5000000.0,0.0,5000000.0,7,6,1,4,4,4,0,4
2016,2016/17,FR1,Ligue 1,417,OGC Nice,5000000.0,15800000.0,-10800000.0,9,8,1,6,7,7,0,5
2016,2016/17,FR1,Ligue 1,969,Montpellier HSC,4900000.0,14600000.0,-9700000.0,5,4,1,1,5,5,0,3
2016,2016/17,FR1,Ligue 1,995,FC Nantes,4400000.0,1445000.0,2955000.0,7,5,2,2,4,4,0,2
2016,2016/17,FR1,Ligue 1,1420,Angers SCO,2400000.0,4000000.0,-1600000.0,7,6,1,3,5,4,1,3
2016,2016/17,FR1,Ligue 1,273,Stade Rennais FC,2000000.0,45200000.0,-43200000.0,2,2,0,1,5,5,0,2
2016,2016/17,FR1,Ligue 1,2969,Dijon FCO,1750000.0,0.0,1750000.0,7,6,1,4,3,1,2,1
2016,2016/17,FR1,Ligue 1,1159,AS Nancy-Lorraine,1500000.0,10900000.0,-9400000.0,3,3,0,2,5,5,0,2
2016,2016/17,FR1,Ligue 1,595,SC Bastia,250000.0,3000000.0,-2750000.0,4,4,0,3,5,5,0,3
2016,2016/17,FR1,Ligue 1,347,FC Metz,0.0,0.0,0.0,7,4,3,4,5,4,1,4
2016,2016/17,FR1,Ligue 1,618,AS Saint-Étienne,0.0,0.0,0.0,8,5,3,5,5,5,0,5
2016,2016/17,FR1,Ligue 1,855,EA Guingamp,0.0,2500000.0,-2500000.0,4,1,3,1,2,2,0,1
2016,2016/17,FR1,Ligue 1,1162,SM Caen,0.0,11000000.0,-11000000.0,3,3,0,3,4,4,0,2
2016,2016/17,GB1,Premier League,281,Manchester City,198250000.0,33000000.0,165250000.0,28,24,4,14,18,18,0,14
2016,2016/17,GB1,Premier League,985,Manchester United,185000000.0,44250000.0,140750000.0,8,7,1,4,7,7,0,4
2016,2016/17,GB1,Premier League,631,Chelsea FC,97800000.0,29000000.0,68800000.0,13,12,1,9,14,14,0,11
2016,2016/17,GB1,Premier League,1003,Leicester City,92100000.0,64900000.0,27200000.0,11,10,1,4,9,9,0,4
2016,2016/17,GB1,Premier League,31,Liverpool FC,74900000.0,23580000.0,51320000.0,11,9,2,6,9,9,0,6
2016,2016/17,GB1,Premier League,11,Arsenal FC,72000000.0,5000000.0,67000000.0,8,8,0,4,5,5,0,4
2016,2016/17,GB1,Premier League,29,Everton FC,71000000.0,55600000.0,15400000.0,9,8,1,3,4,4,0,3
2016,2016/17,GB1,Premier League,379,West Ham United,58800000.0,11700000.0,47100000.0,12,12,0,7,7,7,0,6
2016,2016/17,GB1,Premier League,148,Tottenham Hotspur,57000000.0,30500000.0,26500000.0,8,6,2,4,7,7,0,4
2016,2016/17,GB1,Premier League,180,Southampton FC,51900000.0,55400000.0,-3500000.0,6,5,1,1,4,4,0,1
2016,2016/17,GB1,Premier League,873,Crystal Palace,51600000.0,45600000.0,6000000.0,6,6,0,2,4,4,0,1
2016,2016/17,GB1,Premier League,1010,Watford FC,44450000.0,14100000.0,30350000.0,10,9,1,5,8,8,0,6
2016,2016/17,GB1,Premier League,1132,Burnley FC,37000000.0,0.0,37000000.0,10,9,1,4,4,4,0,4
2016,2016/17,GB1,Premier League,984,West Bromwich Albion,19900000.0,1200000.0,18700000.0,2,2,0,0,1,1,0,0
2016,2016/17,GB1,Premier League,512,Stoke City,19120000.0,0.0,19120000.0,5,5,0,3,3,3,0,3
2016,2016/17,GB1,Premier League,641,Middlesbrough FC,18750000.0,0.0,18750000.0,6,6,0,4,3,3,0,3
2016,2016/17,GB1,Premier League,289,Sunderland AFC,16250000.0,15220000.0,1030000.0,7,6,1,3,6,5,1,3
2016,2016/17,GB1,Premier League,989,AFC Bournemouth,14440000.0,12000000.0,2440000.0,4,4,0,1,2,2,0,1
2016,2016/17,GB1,Premier League,2288,Swansea City,13900000.0,24100000.0,-10200000.0,5,5,0,2,2,2,0,1
2016,2016/17,GB1,Premier League,3008,Hull City,13100000.0,0.0,13100000.0,4,3,1,1,1,1,0,1
2016,2016/17,IT1,Serie A,46,Inter Milan,123530000.0,10800000.0,112730000.0,26,23,3,16,16,16,0,14
2016,2016/17,IT1,Serie A,506,Juventus FC,104200000.0,155100000.0,-50900000.0,27,25,2,19,23,23,0,17
2016,2016/17,IT1,Serie A,6195,SSC Napoli,90500000.0,4000000.0,86500000.0,15,15,0,10,11,11,0,10
2016,2016/17,IT1,Serie A,12,Associazione Sportiva Roma,83300000.0,56600000.0,26700000.0,31,31,0,21,20,20,0,16
2016,2016/17,IT1,Serie A,5,AC Milan,26560000.0,19400000.0,7160000.0,11,10,1,7,8,8,0,6
2016,2016/17,IT1,Serie A,410,Udinese Calcio,23500000.0,16000500.0,7499500.0,16,15,1,10,19,17,2,15
2016,2016/17,IT1,Serie A,398,Società Sportiva Lazio S.p.A.,22800000.0,22000000.0,800000.0,10,10,0,6,9,9,0,8
2016,2016/17,IT1,Serie A,1038,UC Sampdoria,18700000.0,35660000.0,-16960000.0,12,12,0,7,13,13,0,6
2016,2016/17,IT1,Serie A,6574,US Sassuolo,18100000.0,13000000.0,5100000.0,5,5,0,2,2,2,0,1
2016,2016/17,IT1,Serie A,416,Torino FC,16100000.0,15500000.0,600000.0,18,18,0,13,14,13,1,11
2016,2016/17,IT1,Serie A,1025,Bologna Football Club 1909,12900000.0,14500000.0,-1600000.0,8,8,0,4,6,6,0,5
2016,2016/17,IT1,Serie A,252,Genoa CFC,12500000.0,27300000.0,-14800000.0,11,10,1,7,11,11,0,8
2016,2016/17,IT1,Serie A,862,Chievo Verona,7450000.0,0.0,7450000.0,8,8,0,6,6,6,0,6
2016,2016/17,IT1,Serie A,430,ACF Fiorentina,7400000.0,24550000.0,-17150000.0,13,11,2,8,13,12,1,8
2016,2016/17,IT1,Serie A,2921,Delfino Pescara 1936,7000000.0,17750000.0,-10750000.0,13,11,2,9,13,12,1,10
2016,2016/17,IT1,Serie A,458,Palermo FC,5180000.0,22800000.0,-17620000.0,5,5,0,2,6,6,0,3
2016,2016/17,IT1,Serie A,1390,Cagliari Calcio,4500000.0,0.0,4500000.0,11,11,0,10,8,8,0,8
2016,2016/17,IT1,Serie A,749,FC Empoli,4300000.0,10000000.0,-5700000.0,8,8,0,6,8,8,0,7
2016,2016/17,IT1,Serie A,4083,FC Crotone,4200000.0,5800000.0,-1600000.0,9,9,0,4,6,6,0,4
2016,2016/17,IT1,Serie A,800,Atalanta BC,1040000.0,29500000.0,-28460000.0,13,12,1,11,11,11,0,9
2017,2017/18,L1,Bundesliga,16,Borussia Dortmund,121090000.0,268250000.0,-147160000.0,15,14,1,6,12,12,0,5
2017,2017/18,L1,Bundesliga,27,Bayern Munich,90500000.0,0.0,90500000.0,9,7,2,3,3,3,0,3
2017,2017/18,L1,Bundesliga,23826,RB Leipzig,47000000.0,23200000.0,23800000.0,11,11,0,7,6,6,0,4
2017,2017/18,L1,Bundesliga,15,Bayer 04 Leverkusen,38500000.0,62800000.0,-24300000.0,4,4,0,1,9,8,1,3
2017,2017/18,L1,Bundesliga,82,VfL Wolfsburg,36250000.0,33000000.0,3250000.0,10,9,1,4,8,7,1,3
2017,2017/18,L1,Bundesliga,18,Borussia Mönchengladbach,35000000.0,19000000.0,16000000.0,8,8,0,5,7,7,0,4
2017,2017/18,L1,Bundesliga,3,1.FC Köln,34000000.0,250000.0,33750000.0,7,6,1,2,1,1,0,0
2017,2017/18,L1,Bundesliga,33,FC Schalke 04,28000000.0,0.0,28000000.0,9,7,2,4,6,6,0,6
2017,2017/18,L1,Bundesliga,24,Eintracht Frankfurt,20100000.0,0.0,20100000.0,9,8,1,3,5,5,0,5
2017,2017/18,L1,Bundesliga,79,VfB Stuttgart,16700000.0,3000000.0,13700000.0,10,10,0,4,10,10,0,9
2017,2017/18,L1,Bundesliga,86,SV Werder Bremen,15600000.0,8100000.0,7500000.0,9,8,1,5,8,8,0,6
2017,2017/18,L1,Bundesliga,44,Hertha BSC,11000000.0,17000000.0,-6000000.0,6,5,1,3,3,3,0,2
2017,2017/18,L1,Bundesliga,41,Hamburger SV,9500000.0,5500000.0,4000000.0,7,4,3,2,4,2,2,1
2017,2017/18,L1,Bundesliga,60,SC Freiburg,9500000.0,27400000.0,-17900000.0,8,8,0,5,8,8,0,4
2017,2017/18,L1,Bundesliga,42,Hannover 96,7880000.0,0.0,7880000.0,5,5,0,3,3,3,0,3
2017,2017/18,L1,Bundesliga,167,FC Augsburg,6500000.0,3800000.0,2700000.0,6,5,1,3,6,6,0,2
2017,2017/18,L1,Bundesliga,39,1.FSV Mainz 05,4750000.0,17000000.0,-12250000.0,7,6,1,4,6,6,0,5
2017,2017/18,L1,Bundesliga,533,TSG 1899 Hoffenheim,2700000.0,30050000.0,-27350000.0,11,9,2,8,10,10,0,6
2017,2017/18,ES1,La Liga,131,FC Barcelona,348100000.0,222000000.0,126100000.0,10,10,0,4,5,5,0,4
2017,2017/18,ES1,La Liga,368,Sevilla FC,55000000.0,50600000.0,4400000.0,7,7,0,3,4,4,0,2
2017,2017/18,ES1,La Liga,418,Real Madrid,40500000.0,115000000.0,-74500000.0,6,4,2,2,7,7,0,3
2017,2017/18,ES1,La Liga,1050,Villarreal CF,40000000.0,45000000.0,-5000000.0,11,11,0,8,11,11,0,9
2017,2017/18,ES1,La Liga,13,Atlético de Madrid,35600000.0,94000000.0,-58400000.0,7,7,0,6,13,13,0,6
2017,2017/18,ES1,La Liga,621,Athletic Bilbao,32000000.0,65000000.0,-33000000.0,5,3,2,2,3,3,0,2
2017,2017/18,ES1,La Liga,1049,Valencia CF,32000000.0,11000000.0,21000000.0,18,14,4,11,14,14,0,11
2017,2017/18,ES1,La Liga,940,Celta de Vigo,22300000.0,0.0,22300000.0,12,11,1,8,9,9,0,9
2017,2017/18,ES1,La Liga,681,Real Sociedad,19500000.0,48000000.0,-28500000.0,7,4,3,2,4,4,0,2
2017,2017/18,ES1,La Liga,714,RCD Espanyol Barcelona,15000000.0,6500000.0,8500000.0,4,3,1,1,4,4,0,1
2017,2017/18,ES1,La Liga,150,Real Betis Balompié,13000000.0,19000000.0,-6000000.0,9,7,2,5,9,9,0,6
2017,2017/18,ES1,La Liga,1533,SD Eibar,9100000.0,10000000.0,-900000.0,8,8,0,4,6,6,0,5
2017,2017/18,ES1,La Liga,12321,Girona FC,8750000.0,0.0,8750000.0,12,11,1,8,7,7,0,7
2017,2017/18,ES1,La Liga,3709,Getafe CF,8600000.0,0.0,8600000.0,10,10,0,5,4,4,0,4
2017,2017/18,ES1,La Liga,897,Deportivo de La Coruña,7500000.0,0.0,7500000.0,6,6,0,4,5,5,0,5
2017,2017/18,ES1,La Liga,3368,Levante UD,7200000.0,0.0,7200000.0,11,11,0,7,6,6,0,6
2017,2017/18,ES1,La Liga,1108,Deportivo Alavés,6900000.0,0.0,6900000.0,7,7,0,3,6,6,0,6
2017,2017/18,ES1,La Liga,1244,CD Leganés,5950000.0,0.0,5950000.0,12,12,0,9,9,9,0,9
2017,2017/18,ES1,La Liga,1084,Málaga CF,3700000.0,18000000.0,-14300000.0,8,7,1,5,8,8,0,6
2017,2017/18,ES1,La Liga,472,UD Las Palmas,0.0,11000000.0,-11000000.0,10,10,0,10,12,12,0,11
2017,2017/18,FR1,Ligue 1,583,Paris Saint-Germain,238000000.0,57400000.0,180600000.0,8,7,1,5,9,9,0,6
2017,2017/18,FR1,Ligue 1,162,AS Monaco,97400000.0,179500000.0,-82100000.0,13,12,1,6,11,11,0,6
2017,2017/18,FR1,Ligue 1,1082,LOSC Lille,61000000.0,18100000.0,42900000.0,20,16,4,9,10,10,0,7
2017,2017/18,FR1,Ligue 1,273,Stade Rennais FC,43900000.0,2500000.0,41400000.0,10,9,1,2,5,5,0,3
2017,2017/18,FR1,Ligue 1,1041,Olympique Lyon,42500000.0,118750000.0,-76250000.0,21,16,5,10,18,18,0,12
2017,2017/18,FR1,Ligue 1,244,Olympique Marseille,31000000.0,0.0,31000000.0,9,7,2,3,6,6,0,6
2017,2017/18,FR1,Ligue 1,417,OGC Nice,24300000.0,3500000.0,20800000.0,11,10,1,5,7,7,0,6
2017,2017/18,FR1,Ligue 1,40,FC Girondins Bordeaux,15500000.0,19250000.0,-3750000.0,14,12,2,8,11,11,0,6
2017,2017/18,FR1,Ligue 1,618,AS Saint-Étienne,5800000.0,2000000.0,3800000.0,8,7,1,5,7,7,0,6
2017,2017/18,FR1,Ligue 1,1420,Angers SCO,5400000.0,26000000.0,-20600000.0,8,7,1,4,7,7,0,4
2017,2017/18,FR1,Ligue 1,995,FC Nantes,4300000.0,9000000.0,-4700000.0,8,5,3,3,5,5,0,3
2017,2017/18,FR1,Ligue 1,1162,SM Caen,4100000.0,6000000.0,-1900000.0,8,6,2,3,3,3,0,2
2017,2017/18,FR1,Ligue 1,667,RC Strasbourg Alsace,3700000.0,0.0,3700000.0,8,7,1,4,3,3,0,3
2017,2017/18,FR1,Ligue 1,969,Montpellier HSC,3500000.0,13000000.0,-9500000.0,7,5,2,3,3,3,0,2
2017,2017/18,FR1,Ligue 1,2969,Dijon FCO,1500000.0,5000000.0,-3500000.0,4,4,0,3,7,6,1,4
2017,2017/18,FR1,Ligue 1,855,EA Guingamp,1375000.0,0.0,1375000.0,7,5,2,2,1,1,0,1
2017,2017/18,FR1,Ligue 1,1416,Amiens SC,1000000.0,0.0,1000000.0,7,7,0,6,5,5,0,5
2017,2017/18,FR1,Ligue 1,347,FC Metz,0.0,18600000.0,-18600000.0,7,4,3,4,6,6,0,4
2017,2017/18,FR1,Ligue 1,415,FC Toulouse,0.0,11300000.0,-11300000.0,2,2,0,2,5,4,1,3
2017,2017/18,FR1,Ligue 1,1095,ESTAC Troyes,0.0,0.0,0.0,1,1,0,1,1,1,0,1
2017,2017/18,GB1,Premier League,281,Manchester City,313700000.0,50950000.0,262750000.0,21,19,2,10,19,19,0,14
2017,2017/18,GB1,Premier League,631,Chelsea FC,222600000.0,109000000.0,113600000.0,21,19,2,11,16,16,0,11
2017,2017/18,GB1,Premier League,985,Manchester United,198400000.0,42500000.0,155900000.0,9,8,1,4,7,6,1,4
2017,2017/18,GB1,Premier League,29,Everton FC,180700000.0,113500000.0,67200000.0,18,15,3,7,10,10,0,7
2017,2017/18,GB1,Premier League,31,Liverpool FC,173650000.0,163200000.0,10450000.0,12,12,0,8,9,9,0,7
2017,2017/18,GB1,Premier League,11,Arsenal FC,152850000.0,132400000.0,20450000.0,11,10,1,6,10,10,0,4
2017,2017/18,GB1,Premier League,148,Tottenham Hotspur,105900000.0,81900000.0,24000000.0,9,7,2,3,7,7,0,3
2017,2017/18,GB1,Premier League,1003,Leicester City,78900000.0,9500000.0,69400000.0,12,11,1,6,8,8,0,6
2017,2017/18,GB1,Premier League,180,Southampton FC,61250000.0,98350000.0,-37100000.0,7,7,0,3,6,5,1,3
2017,2017/18,GB1,Premier League,873,Crystal Palace,53200000.0,3000000.0,50200000.0,7,6,1,3,4,4,0,3
2017,2017/18,GB1,Premier League,1010,Watford FC,52800000.0,13000000.0,39800000.0,20,18,2,12,13,13,0,11
2017,2017/18,GB1,Premier League,984,West Bromwich Albion,41100000.0,0.0,41100000.0,6,6,0,2,2,2,0,2
2017,2017/18,GB1,Premier League,989,AFC Bournemouth,34300000.0,0.0,34300000.0,4,4,0,2,2,2,0,2
2017,2017/18,GB1,Premier League,1110,Huddersfield Town,33350000.0,600000.0,32750000.0,9,9,0,4,6,5,1,4
2017,2017/18,GB1,Premier League,762,Newcastle United,31800000.0,14920000.0,16880000.0,18,18,0,14,18,18,0,15
2017,2017/18,GB1,Premier League,1132,Burnley FC,25500000.0,48900000.0,-23400000.0,6,5,1,3,5,5,0,3
2017,2017/18,GB1,Premier League,379,West Ham United,25300000.0,43720000.0,-18420000.0,10,9,1,7,12,12,0,7
2017,2017/18,GB1,Premier League,1237,Brighton & Hove Albion,24400000.0,0.0,24400000.0,9,9,0,4,3,3,0,3
2017,2017/18,GB1,Premier League,512,Stoke City,23700000.0,27800000.0,-4100000.0,7,7,0,5,6,6,0,4
2017,2017/18,GB1,Premier League,2288,Swansea City,22800000.0,63500000.0,-40700000.0,8,7,1,6,10,10,0,6
2017,2017/18,IT1,Serie A,5,AC Milan,118300000.0,22700000.0,95600000.0,11,10,1,6,10,10,0,6
2017,2017/18,IT1,Serie A,506,Juventus FC,115900000.0,105750000.0,10150000.0,24,23,1,17,25,24,1,16
2017,2017/18,IT1,Serie A,46,Inter Milan,78500000.0,52360000.0,26140000.0,23,22,1,19,26,26,0,18
2017,2017/18,IT1,Serie A,12,Associazione Sportiva Roma,62450000.0,149350000.0,-86900000.0,23,23,0,16,27,25,2,17
2017,2017/18,IT1,Serie A,6195,SSC Napoli,52250000.0,12300000.0,39950000.0,11,11,0,7,9,9,0,6
2017,2017/18,IT1,Serie A,800,Atalanta BC,47790000.0,20500000.0,27290000.0,21,19,2,12,13,13,0,12
2017,2017/18,IT1,Serie A,430,ACF Fiorentina,46900000.0,67250000.0,-20350000.0,19,18,1,11,17,17,0,13
2017,2017/18,IT1,Serie A,6574,US Sassuolo,31600000.0,10000000.0,21600000.0,13,12,1,8,7,7,0,6
2017,2017/18,IT1,Serie A,1038,UC Sampdoria,26750000.0,68700000.0,-41950000.0,12,12,0,8,13,13,0,9
2017,2017/18,IT1,Serie A,1390,Cagliari Calcio,21200000.0,3100000.0,18100000.0,7,7,0,3,3,3,0,2
2017,2017/18,IT1,Serie A,410,Udinese Calcio,19166000.0,10500000.0,8666000.0,15,14,1,7,12,11,1,9
2017,2017/18,IT1,Serie A,416,Torino FC,18850000.0,50700000.0,-31850000.0,16,16,0,12,16,16,0,12
2017,2017/18,IT1,Serie A,4171,Benevento Calcio,8500000.0,3500000.0,5000000.0,11,11,0,8,11,11,0,10
2017,2017/18,IT1,Serie A,398,Società Sportiva Lazio S.p.A.,5500000.0,52220000.0,-46720000.0,12,11,1,10,11,11,0,7
2017,2017/18,IT1,Serie A,1025,Bologna Football Club 1909,3000000.0,0.0,3000000.0,11,10,1,8,7,7,0,7
2017,2017/18,IT1,Serie A,276,Hellas Verona,2750000.0,5250000.0,-2500000.0,10,9,1,7,7,7,0,5
2017,2017/18,IT1,Serie A,252,Genoa CFC,1850000.0,40400000.0,-38550000.0,12,10,2,7,8,8,0,5
2017,2017/18,IT1,Serie A,862,Chievo Verona,1500000.0,1760000.0,-260000.0,12,9,3,7,9,9,0,7
2017,2017/18,IT1,Serie A,4083,FC Crotone,300000.0,0.0,300000.0,9,9,0,8,6,6,0,6
2017,2017/18,IT1,Serie A,2722,SPAL,225000.0,0.0,225000.0,6,6,0,5,6,6,0,6
2018,2018/19,L1,Bundesliga,23826,RB Leipzig,64630000.0,72050000.0,-7420000.0,6,6,0,1,8,7,1,1
2018,2018/19,L1,Bundesliga,16,Borussia Dortmund,60500000.0,107000000.0,-46500000.0,13,13,0,9,11,11,0,7
2018,2018/19,L1,Bundesliga,79,VfB Stuttgart,39760000.0,2000000.0,37760000.0,12,12,0,7,7,6,1,5
2018,2018/19,L1,Bundesliga,33,FC Schalke 04,36000000.0,37000000.0,-1000000.0,7,6,1,2,6,5,1,4
2018,2018/19,L1,Bundesliga,15,Bayer 04 Leverkusen,30500000.0,45000000.0,-14500000.0,5,5,0,3,5,4,1,2
2018,2018/19,L1,Bundesliga,24,Eintracht Frankfurt,28600000.0,17800000.0,10800000.0,13,13,0,5,12,12,0,9
2018,2018/19,L1,Bundesliga,18,Borussia Mönchengladbach,27500000.0,30500000.0,-3000000.0,4,3,1,1,4,4,0,2
2018,2018/19,L1,Bundesliga,39,1.FSV Mainz 05,23500000.0,25800000.0,-2300000.0,12,8,4,4,7,7,0,3
2018,2018/19,L1,Bundesliga,82,VfL Wolfsburg,23000000.0,200000.0,22800000.0,10,9,1,5,7,6,1,5
2018,2018/19,L1,Bundesliga,533,TSG 1899 Hoffenheim,23000000.0,1700000.0,21300000.0,12,11,1,7,10,10,0,8
2018,2018/19,L1,Bundesliga,86,SV Werder Bremen,22550000.0,24550000.0,-2000000.0,12,9,3,3,10,10,0,6
2018,2018/19,L1,Bundesliga,60,SC Freiburg,16500000.0,22050000.0,-5550000.0,11,9,2,4,8,8,0,4
2018,2018/19,L1,Bundesliga,42,Hannover 96,14400000.0,500000.0,13900000.0,9,8,1,4,4,4,0,3
2018,2018/19,L1,Bundesliga,27,Bayern Munich,14000000.0,23000000.0,-9000000.0,3,3,0,2,4,4,0,2
2018,2018/19,L1,Bundesliga,44,Hertha BSC,10500000.0,16500000.0,-6000000.0,3,3,0,2,3,3,0,1
2018,2018/19,L1,Bundesliga,38,Fortuna Düsseldorf,3750000.0,0.0,3750000.0,8,8,0,6,4,4,0,4
2018,2018/19,L1,Bundesliga,4,1.FC Nuremberg,3000000.0,0.0,3000000.0,3,3,0,2,3,3,0,3
2018,2018/19,L1,Bundesliga,167,FC Augsburg,3000000.0,0.0,3000000.0,5,4,1,3,5,5,0,5
2018,2018/19,ES1,La Liga,418,Real Madrid,164750000.0,132500000.0,32250000.0,21,16,5,8,12,12,0,8
2018,2018/19,ES1,La Liga,131,FC Barcelona,138900000.0,82500000.0,56400000.0,15,11,4,5,12,12,0,6
2018,2018/19,ES1,La Liga,13,Atlético de Madrid,135500000.0,51000000.0,84500000.0,20,18,2,11,14,14,0,11
2018,2018/19,ES1,La Liga,1049,Valencia CF,106200000.0,63600000.0,42600000.0,16,14,2,7,13,13,0,8
2018,2018/19,ES1,La Liga,1050,Villarreal CF,60900000.0,49800000.0,11100000.0,20,14,6,9,14,14,0,11
2018,2018/19,ES1,La Liga,150,Real Betis Balompié,38500000.0,41250000.0,-2750000.0,12,11,1,8,8,8,0,5
2018,2018/19,ES1,La Liga,368,Sevilla FC,33550000.0,83400000.0,-49850000.0,20,15,5,11,16,16,0,12
2018,2018/19,ES1,La Liga,940,Celta de Vigo,29500000.0,30400000.0,-900000.0,15,11,4,6,12,11,1,5
2018,2018/19,ES1,La Liga,621,Athletic Bilbao,26650000.0,80000000.0,-53350000.0,7,6,1,3,3,3,0,2
2018,2018/19,ES1,La Liga,3709,Getafe CF,24750000.0,1500000.0,23250000.0,16,15,1,9,11,11,0,10
2018,2018/19,ES1,La Liga,714,RCD Espanyol Barcelona,18000000.0,27800000.0,-9800000.0,6,5,1,3,7,7,0,4
2018,2018/19,ES1,La Liga,1244,CD Leganés,13950000.0,24600000.0,-10650000.0,18,18,0,14,14,14,0,12
2018,2018/19,ES1,La Liga,681,Real Sociedad,12000000.0,32800000.0,-20800000.0,7,4,3,3,7,6,1,4
2018,2018/19,ES1,La Liga,367,Rayo Vallecano,10450000.0,13000000.0,-2550000.0,13,13,0,7,8,8,0,6
2018,2018/19,ES1,La Liga,12321,Girona FC,10000000.0,1800000.0,8200000.0,4,2,2,0,4,4,0,2
2018,2018/19,ES1,La Liga,3368,Levante UD,6700000.0,41500000.0,-34800000.0,11,11,0,8,10,10,0,8
2018,2018/19,ES1,La Liga,366,Real Valladolid CF,5600000.0,0.0,5600000.0,11,11,0,7,8,8,0,8
2018,2018/19,ES1,La Liga,5358,SD Huesca,4500000.0,0.0,4500000.0,9,9,0,6,11,11,0,11
2018,2018/19,ES1,La Liga,1108,Deportivo Alavés,3000000.0,5000000.0,-2000000.0,15,12,3,11,10,9,1,8
2018,2018/19,ES1,La Liga,1533,SD Eibar,0.0,4750000.0,-4750000.0,4,4,0,4,8,8,0,6
2018,2018/19,FR1,Ligue 1,583,Paris Saint-Germain,262000000.0,85550000.0,176450000.0,14,9,5,5,10,10,0,5
2018,2018/19,FR1,Ligue 1,162,AS Monaco,117200000.0,330350000.0,-213150000.0,24,21,3,12,15,15,0,8
2018,2018/19,FR1,Ligue 1,244,Olympique Marseille,66000000.0,32850000.0,33150000.0,7,6,1,2,4,4,0,1
2018,2018/19,FR1,Ligue 1,1041,Olympique Lyon,36450000.0,88000000.0,-51550000.0,12,9,3,5,12,12,0,4
2018,2018/19,FR1,Ligue 1,1082,LOSC Lille,27700000.0,38000000.0,-10300000.0,11,11,0,8,12,12,0,7
2018,2018/19,FR1,Ligue 1,417,OGC Nice,18000000.0,24700000.0,-6700000.0,6,5,1,2,5,5,0,3
2018,2018/19,FR1,Ligue 1,667,RC Strasbourg Alsace,15750000.0,14000000.0,1750000.0,12,10,2,4,6,6,0,5
2018,2018/19,FR1,Ligue 1,618,AS Saint-Étienne,15000000.0,13700000.0,1300000.0,16,12,4,9,14,14,0,11
2018,2018/19,FR1,Ligue 1,273,Stade Rennais FC,14000000.0,0.0,14000000.0,10,7,3,4,4,4,0,4
2018,2018/19,FR1,Ligue 1,1421,Stade Reims,11500000.0,11000000.0,500000.0,12,10,2,7,8,8,0,6
2018,2018/19,FR1,Ligue 1,995,FC Nantes,11250000.0,1300000.0,9950000.0,6,6,0,4,7,7,0,6
2018,2018/19,FR1,Ligue 1,40,FC Girondins Bordeaux,10070000.0,44000000.0,-33930000.0,11,10,1,7,12,12,0,10
2018,2018/19,FR1,Ligue 1,969,Montpellier HSC,8200000.0,21000000.0,-12800000.0,8,8,0,4,5,5,0,3
2018,2018/19,FR1,Ligue 1,2969,Dijon FCO,7200000.0,0.0,7200000.0,4,3,1,0,2,2,0,2
2018,2018/19,FR1,Ligue 1,415,FC Toulouse,6250000.0,34000000.0,-27750000.0,10,7,3,4,7,7,0,4
2018,2018/19,FR1,Ligue 1,1416,Amiens SC,4850000.0,8000000.0,-3150000.0,10,10,0,8,8,8,0,7
2018,2018/19,FR1,Ligue 1,1160,Nîmes Olympique,3150000.0,0.0,3150000.0,9,8,1,6,5,5,0,5
2018,2018/19,FR1,Ligue 1,855,EA Guingamp,2500000.0,0.0,2500000.0,5,4,1,3,2,2,0,2
2018,2018/19,FR1,Ligue 1,1420,Angers SCO,1650000.0,0.0,1650000.0,8,7,1,5,3,3,0,3
2018,2018/19,FR1,Ligue 1,1162,SM Caen,0.0,11500000.0,-11500000.0,5,4,1,4,8,8,0,6
2018,2018/19,GB1,Premier League,631,Chelsea FC,201000000.0,35000000.0,166000000.0,20,19,1,16,18,18,0,17
2018,2018/19,GB1,Premier League,31,Liverpool FC,192200000.0,35200000.0,157000000.0,17,15,2,11,17,17,0,15
2018,2018/19,GB1,Premier League,1003,Leicester City,114600000.0,94300000.0,20300000.0,15,14,1,7,11,11,0,8
2018,2018/19,GB1,Premier League,379,West Ham United,99400000.0,12400000.0,87000000.0,13,12,1,6,8,8,0,6
2018,2018/19,GB1,Premier League,543,Wolverhampton Wanderers,97600000.0,3400000.0,94200000.0,17,16,1,8,12,12,0,11
2018,2018/19,GB1,Premier League,989,AFC Bournemouth,91600000.0,2000000.0,89600000.0,9,9,0,4,5,5,0,4
2018,2018/19,GB1,Premier League,29,Everton FC,89650000.0,27100000.0,62550000.0,15,15,0,12,15,15,0,12
2018,2018/19,GB1,Premier League,985,Manchester United,81000000.0,23350000.0,57650000.0,6,5,1,3,5,5,0,3
2018,2018/19,GB1,Premier League,281,Manchester City,78590000.0,44600000.0,33990000.0,19,17,2,12,17,17,0,12
2018,2018/19,GB1,Premier League,11,Arsenal FC,77650000.0,8100000.0,69550000.0,11,9,2,5,9,9,0,6
2018,2018/19,GB1,Premier League,1237,Brighton & Hove Albion,77120000.0,7300000.0,69820000.0,23,22,1,11,14,14,0,11
2018,2018/19,GB1,Premier League,180,Southampton FC,62250000.0,13700000.0,48550000.0,15,13,2,9,10,10,0,9
2018,2018/19,GB1,Premier League,762,Newcastle United,49700000.0,47650000.0,2050000.0,11,10,1,5,13,13,0,7
2018,2018/19,GB1,Premier League,931,Fulham FC,49550000.0,850000.0,48700000.0,8,8,0,6,7,7,0,6
2018,2018/19,GB1,Premier League,1010,Watford FC,23350000.0,47700000.0,-24350000.0,13,13,0,8,9,9,0,7
2018,2018/19,GB1,Premier League,1132,Burnley FC,16100000.0,0.0,16100000.0,4,3,1,1,3,3,0,3
2018,2018/19,GB1,Premier League,603,Cardiff City,11350000.0,0.0,11350000.0,3,3,0,2,3,3,0,3
2018,2018/19,GB1,Premier League,873,Crystal Palace,10700000.0,0.0,10700000.0,6,6,0,5,5,4,1,4
2018,2018/19,GB1,Premier League,1110,Huddersfield Town,10000000.0,0.0,10000000.0,5,5,0,2,3,3,0,3
2018,2018/19,GB1,Premier League,148,Tottenham Hotspur,0.0,0.0,0.0,2,1,1,1,1,1,0,1
2018,2018/19,IT1,Serie A,506,Juventus FC,213700000.0,73940000.0,139760000.0,14,14,0,9,14,13,1,6
2018,2018/19,IT1,Serie A,5,AC Milan,151440000.0,65000000.0,86440000.0,15,14,1,9,13,13,0,9
2018,2018/19,IT1,Serie A,12,Associazione Sportiva Roma,121150000.0,110500000.0,10650000.0,21,20,1,12,18,18,0,11
2018,2018/19,IT1,Serie A,6195,SSC Napoli,58500000.0,75500000.0,-17000000.0,12,11,1,8,14,14,0,12
2018,2018/19,IT1,Serie A,430,ACF Fiorentina,55350000.0,17300000.0,38050000.0,29,27,2,17,23,23,0,19
2018,2018/19,IT1,Serie A,416,Torino FC,49550000.0,1500000.0,48050000.0,19,18,1,11,14,12,2,11
2018,2018/19,IT1,Serie A,6574,US Sassuolo,49470000.0,27000000.0,22470000.0,20,18,2,11,13,13,0,11
2018,2018/19,IT1,Serie A,46,Inter Milan,42600000.0,48570000.0,-5970000.0,27,25,2,21,25,24,1,18
2018,2018/19,IT1,Serie A,410,Udinese Calcio,39300000.0,10960000.0,28340000.0,24,23,1,17,16,15,1,11
2018,2018/19,IT1,Serie A,398,Società Sportiva Lazio S.p.A.,37450000.0,38000000.0,-550000.0,8,7,1,4,11,11,0,10
2018,2018/19,IT1,Serie A,1038,UC Sampdoria,35100000.0,72350000.0,-37250000.0,11,11,0,8,13,13,0,10
2018,2018/19,IT1,Serie A,252,Genoa CFC,34200000.0,81450000.0,-47250000.0,27,27,0,19,25,25,0,19
2018,2018/19,IT1,Serie A,800,Atalanta BC,20750000.0,0.0,20750000.0,20,19,1,15,14,14,0,14
2018,2018/19,IT1,Serie A,1025,Bologna Football Club 1909,16200000.0,42650000.0,-26450000.0,12,12,0,8,15,14,1,8
2018,2018/19,IT1,Serie A,1390,Cagliari Calcio,13675000.0,0.0,13675000.0,11,11,0,7,9,9,0,9
2018,2018/19,IT1,Serie A,130,Parma Calcio 1913,7550000.0,280000.0,7270000.0,9,9,0,7,7,7,0,6
2018,2018/19,IT1,Serie A,862,Chievo Verona,4600000.0,9400000.0,-4800000.0,10,10,0,6,8,8,0,5
2018,2018/19,IT1,Serie A,2722,SPAL,3300000.0,0.0,3300000.0,9,9,0,7,8,8,0,8
2018,2018/19,IT1,Serie A,749,FC Empoli,2500000.0,19500000.0,-17000000.0,14,14,0,12,12,12,0,9
2018,2018/19,IT1,Serie A,8970,Frosinone Calcio,1500000.0,500000.0,1000000.0,7,6,1,5,8,7,1,6
2019,2019/20,L1,Bundesliga,27,Bayern Munich,118000000.0,54000000.0,64000000.0,9,7,2,4,7,7,0,4
2019,2019/20,L1,Bundesliga,44,Hertha BSC,104000000.0,22400000.0,81600000.0,11,11,0,5,8,8,0,7
2019,2019/20,L1,Bundesliga,16,Borussia Dortmund,101000000.0,71000000.0,30000000.0,11,10,1,6,13,13,0,7
2019,2019/20,L1,Bundesliga,15,Bayer 04 Leverkusen,99700000.0,33500000.0,66200000.0,8,8,0,2,4,4,0,2
2019,2019/20,L1,Bundesliga,23826,RB Leipzig,91700000.0,40250000.0,51450000.0,9,8,1,3,8,7,1,4
2019,2019/20,L1,Bundesliga,24,Eintracht Frankfurt,73140000.0,113000000.0,-39860000.0,15,15,0,7,7,7,0,5
2019,2019/20,L1,Bundesliga,533,TSG 1899 Hoffenheim,42000000.0,94850000.0,-52850000.0,15,15,0,10,15,15,0,8
2019,2019/20,L1,Bundesliga,18,Borussia Mönchengladbach,40500000.0,25500000.0,15000000.0,6,6,0,2,4,4,0,3
2019,2019/20,L1,Bundesliga,82,VfL Wolfsburg,33700000.0,10000000.0,23700000.0,9,8,1,4,8,8,0,5
2019,2019/20,L1,Bundesliga,39,1.FSV Mainz 05,29000000.0,25000000.0,4000000.0,13,11,2,7,10,8,2,7
2019,2019/20,L1,Bundesliga,167,FC Augsburg,27300000.0,2500000.0,24800000.0,14,13,1,6,8,7,1,6
2019,2019/20,L1,Bundesliga,33,FC Schalke 04,25000000.0,11000000.0,14000000.0,12,11,1,9,9,9,0,8
2019,2019/20,L1,Bundesliga,3,1.FC Köln,20250000.0,6750000.0,13500000.0,19,14,5,10,13,11,2,8
2019,2019/20,L1,Bundesliga,60,SC Freiburg,11000000.0,5000000.0,6000000.0,9,7,2,4,7,7,0,4
2019,2019/20,L1,Bundesliga,86,SV Werder Bremen,10000000.0,0.0,10000000.0,12,11,1,9,9,9,0,9
2019,2019/20,L1,Bundesliga,89,1.FC Union Berlin,7150000.0,1250000.0,5900000.0,14,13,1,10,9,9,0,7
2019,2019/20,L1,Bundesliga,38,Fortuna Düsseldorf,6750000.0,11500000.0,-4750000.0,7,7,0,6,9,9,0,7
2019,2019/20,L1,Bundesliga,127,SC Paderborn 07,550000.0,800000.0,-250000.0,8,7,1,5,6,5,1,3
2019,2019/20,ES1,La Liga,131,FC Barcelona,304000000.0,120900000.0,183100000.0,20,17,3,9,16,16,0,9
2019,2019/20,ES1,La Liga,13,Atlético de Madrid,246850000.0,311000000.0,-64150000.0,15,14,1,7,15,15,0,10
2019,2019/20,ES1,La Liga,418,Real Madrid,238500000.0,132800000.0,105700000.0,23,21,2,15,22,21,1,16
2019,2019/20,ES1,La Liga,368,Sevilla FC,162500000.0,105400000.0,57100000.0,24,24,0,14,19,19,0,14
2019,2019/20,ES1,La Liga,150,Real Betis Balompié,91450000.0,46500000.0,44950000.0,13,12,1,6,10,10,0,6
2019,2019/20,ES1,La Liga,1049,Valencia CF,67000000.0,31000000.0,36000000.0,15,14,1,10,13,12,1,10
2019,2019/20,ES1,La Liga,714,RCD Espanyol Barcelona,60000000.0,61000000.0,-1000000.0,11,8,3,3,5,5,0,2
2019,2019/20,ES1,La Liga,681,Real Sociedad,29500000.0,8000000.0,21500000.0,14,10,4,7,7,7,0,6
2019,2019/20,ES1,La Liga,940,Celta de Vigo,20900000.0,42800000.0,-21900000.0,7,6,1,4,9,9,0,5
2019,2019/20,ES1,La Liga,1050,Villarreal CF,13300000.0,42800000.0,-29500000.0,11,11,0,8,10,9,1,5
2019,2019/20,ES1,La Liga,331,CA Osasuna,11700000.0,0.0,11700000.0,15,13,2,8,7,7,0,7
2019,2019/20,ES1,La Liga,1244,CD Leganés,11200000.0,39750000.0,-28550000.0,14,14,0,11,17,17,0,12
2019,2019/20,ES1,La Liga,1533,SD Eibar,11000000.0,26000000.0,-15000000.0,6,6,0,2,5,5,0,2
2019,2019/20,ES1,La Liga,3709,Getafe CF,11000000.0,9000000.0,2000000.0,9,9,0,7,8,8,0,7
2019,2019/20,ES1,La Liga,16795,Granada CF,10240000.0,0.0,10240000.0,12,11,1,7,7,7,0,7
2019,2019/20,ES1,La Liga,3368,Levante UD,8600000.0,12500000.0,-3900000.0,12,11,1,9,11,11,0,8
2019,2019/20,ES1,La Liga,1108,Deportivo Alavés,6540000.0,18000000.0,-11460000.0,11,10,1,7,9,9,0,8
2019,2019/20,ES1,La Liga,237,RCD Mallorca,3700000.0,0.0,3700000.0,20,19,1,17,12,12,0,12
2019,2019/20,ES1,La Liga,366,Real Valladolid CF,0.0,8000000.0,-8000000.0,12,10,2,10,12,12,0,11
2019,2019/20,ES1,La Liga,621,Athletic Bilbao,0.0,0.0,0.0,5,2,3,2,3,3,0,3
2019,2019/20,FR1,Ligue 1,162,AS Monaco,193000000.0,78500000.0,114500000.0,30,29,1,17,26,26,0,21
2019,2019/20,FR1,Ligue 1,1041,Olympique Lyon,122000000.0,159820000.0,-37820000.0,12,11,1,3,13,13,0,5
2019,2019/20,FR1,Ligue 1,1082,LOSC Lille,99400000.0,171000000.0,-71600000.0,18,17,1,7,15,15,0,9
2019,2019/20,FR1,Ligue 1,583,Paris Saint-Germain,63000000.0,96400000.0,-33400000.0,16,11,5,8,14,14,0,6
2019,2019/20,FR1,Ligue 1,273,Stade Rennais FC,56600000.0,54550000.0,2050000.0,12,8,4,3,11,10,1,4
2019,2019/20,FR1,Ligue 1,417,OGC Nice,50000000.0,22000000.0,28000000.0,15,11,4,7,10,10,0,7
2019,2019/20,FR1,Ligue 1,1421,Stade Reims,20700000.0,25600000.0,-4900000.0,13,11,2,5,8,6,2,3
2019,2019/20,FR1,Ligue 1,969,Montpellier HSC,16000000.0,40000000.0,-24000000.0,5,4,1,1,6,5,1,1
2019,2019/20,FR1,Ligue 1,995,FC Nantes,15750000.0,37000000.0,-21250000.0,17,12,5,8,11,10,1,6
2019,2019/20,FR1,Ligue 1,1416,Amiens SC,15150000.0,5435000.0,9715000.0,15,14,1,9,10,10,0,8
2019,2019/20,FR1,Ligue 1,347,FC Metz,14350000.0,2600000.0,11750000.0,15,14,1,9,11,11,0,9
2019,2019/20,FR1,Ligue 1,244,Olympique Marseille,13000000.0,27250000.0,-14250000.0,3,1,2,0,5,5,0,1
2019,2019/20,FR1,Ligue 1,40,FC Girondins Bordeaux,12000000.0,62250000.0,-50250000.0,7,7,0,5,9,9,0,3
2019,2019/20,FR1,Ligue 1,618,AS Saint-Étienne,9950000.0,43000000.0,-33050000.0,14,12,2,7,9,9,0,6
2019,2019/20,FR1,Ligue 1,415,FC Toulouse,8000000.0,16150000.0,-8150000.0,9,4,5,3,6,6,0,2
2019,2019/20,FR1,Ligue 1,2969,Dijon FCO,7665000.0,18000000.0,-10335000.0,13,12,1,7,11,11,0,7
2019,2019/20,FR1,Ligue 1,667,RC Strasbourg Alsace,7500000.0,21500000.0,-14000000.0,4,3,1,0,5,5,0,1
2019,2019/20,FR1,Ligue 1,3911,Stade Brestois 29,5500000.0,0.0,5500000.0,5,4,1,1,1,1,0,1
2019,2019/20,FR1,Ligue 1,1160,Nîmes Olympique,5250000.0,15500000.0,-10250000.0,4,3,1,1,5,5,0,2
2019,2019/20,FR1,Ligue 1,1420,Angers SCO,1500000.0,34000000.0,-32500000.0,6,6,0,5,8,8,0,6
2019,2019/20,GB1,Premier League,985,Manchester United,224800000.0,78180000.0,146620000.0,13,9,4,5,9,9,0,6
2019,2019/20,GB1,Premier League,281,Manchester City,169820000.0,59500000.0,110320000.0,26,23,3,16,21,21,0,17
2019,2019/20,GB1,Premier League,11,Arsenal FC,144100000.0,34900000.0,109200000.0,17,14,3,10,13,13,0,10
2019,2019/20,GB1,Premier League,148,Tottenham Hotspur,130000000.0,58000000.0,72000000.0,13,11,2,7,9,9,0,6
2019,2019/20,GB1,Premier League,405,Aston Villa,129600000.0,0.0,129600000.0,15,15,0,4,6,5,1,5
2019,2019/20,GB1,Premier League,543,Wolverhampton Wanderers,116700000.0,15200000.0,101500000.0,19,18,1,11,13,13,0,11
2019,2019/20,GB1,Premier League,379,West Ham United,115300000.0,47980000.0,67320000.0,9,9,0,4,11,11,0,4
2019,2019/20,GB1,Premier League,29,Everton FC,109000000.0,87800000.0,21200000.0,16,15,1,10,14,14,0,9
2019,2019/20,GB1,Premier League,1003,Leicester City,104300000.0,88500000.0,15800000.0,10,9,1,5,7,7,0,5
2019,2019/20,GB1,Premier League,762,Newcastle United,66900000.0,35640000.0,31260000.0,10,9,1,6,9,9,0,7
2019,2019/20,GB1,Premier League,350,Sheffield United,59100000.0,0.0,59100000.0,13,11,2,7,4,4,0,4
2019,2019/20,GB1,Premier League,180,Southampton FC,57500000.0,15500000.0,42000000.0,14,13,1,10,14,14,0,13
2019,2019/20,GB1,Premier League,1010,Watford FC,56000000.0,20000000.0,36000000.0,15,15,0,11,10,10,0,9
2019,2019/20,GB1,Premier League,1237,Brighton & Hove Albion,54540000.0,1000000.0,53540000.0,14,13,1,9,12,12,0,11
2019,2019/20,GB1,Premier League,989,AFC Bournemouth,47760000.0,33400000.0,14360000.0,9,8,1,5,7,7,0,5
2019,2019/20,GB1,Premier League,631,Chelsea FC,45000000.0,14800000.0,30200000.0,16,12,4,11,11,11,0,9
2019,2019/20,GB1,Premier League,1132,Burnley FC,22750000.0,8800000.0,13950000.0,4,4,0,1,2,2,0,1
2019,2019/20,GB1,Premier League,31,Liverpool FC,10400000.0,42800000.0,-32400000.0,16,13,3,11,13,12,1,8
2019,2019/20,GB1,Premier League,873,Crystal Palace,6100000.0,55000000.0,-48900000.0,3,3,0,1,4,4,0,3
2019,2019/20,GB1,Premier League,1123,Norwich City,1330000.0,1000000.0,330000.0,10,8,2,6,8,8,0,7
2019,2019/20,IT1,Serie A,6195,SSC Napoli,210150000.0,42000000.0,168150000.0,24,23,1,12,13,13,0,10
2019,2019/20,IT1,Serie A,506,Juventus FC,196300000.0,189450000.0,6850000.0,11,11,0,6,14,14,0,6
2019,2019/20,IT1,Serie A,46,Inter Milan,177500000.0,49740000.0,127760000.0,33,30,3,21,31,31,0,25
2019,2019/20,IT1,Serie A,5,AC Milan,140700000.0,56000000.0,84700000.0,19,19,0,13,16,14,2,11
2019,2019/20,IT1,Serie A,12,Associazione Sportiva Roma,113900000.0,96680000.0,17220000.0,22,22,0,16,25,25,0,16
2019,2019/20,IT1,Serie A,1025,Bologna Football Club 1909,58930000.0,21400000.0,37530000.0,20,18,2,9,11,11,0,7
2019,2019/20,IT1,Serie A,800,Atalanta BC,55400000.0,74600000.0,-19200000.0,30,27,3,22,24,24,0,21
2019,2019/20,IT1,Serie A,6574,US Sassuolo,52430000.0,41001000.0,11429000.0,28,27,1,20,25,25,0,21
2019,2019/20,IT1,Serie A,398,Società Sportiva Lazio S.p.A.,45115000.0,30800000.0,14315000.0,14,14,0,7,11,11,0,8
2019,2019/20,IT1,Serie A,430,ACF Fiorentina,44500000.0,9080000.0,35420000.0,24,23,1,19,22,22,0,19
2019,2019/20,IT1,Serie A,1038,UC Sampdoria,41300000.0,61950000.0,-20650000.0,15,14,1,10,12,12,0,8
2019,2019/20,IT1,Serie A,1390,Cagliari Calcio,34400000.0,810000.0,33590000.0,21,19,2,14,15,14,1,13
2019,2019/20,IT1,Serie A,252,Genoa CFC,33000000.0,52000000.0,-19000000.0,36,34,2,29,33,32,1,29
2019,2019/20,IT1,Serie A,2722,SPAL,22000000.0,32600000.0,-10600000.0,16,16,0,12,15,14,1,11
2019,2019/20,IT1,Serie A,276,Hellas Verona,16763000.0,39400000.0,-22637000.0,23,22,1,15,23,22,1,17
2019,2019/20,IT1,Serie A,416,Torino FC,12800000.0,22400000.0,-9600000.0,15,11,4,9,14,13,1,10
2019,2019/20,IT1,Serie A,19,Brescia Calcio,11400000.0,0.0,11400000.0,6,6,0,2,1,1,0,1
2019,2019/20,IT1,Serie A,410,Udinese Calcio,10350000.0,54200000.0,-43850000.0,17,15,2,12,17,17,0,12
2019,2019/20,IT1,Serie A,130,Parma Calcio 1913,5373000.0,8800000.0,-3427000.0,18,18,0,15,18,18,0,16
2019,2019/20,IT1,Serie A,1005,US Lecce,1300000.0,0.0,1300000.0,16,14,2,12,11,10,1,10
2020,2020/21,L1,Bundesliga,23826,RB Leipzig,71000000.0,53000000.0,18000000.0,11,10,1,5,9,9,0,8
2020,2020/21,L1,Bundesliga,27,Bayern Munich,66000000.0,22000000.0,44000000.0,15,12,3,9,9,8,1,7
2020,2020/21,L1,Bundesliga,16,Borussia Dortmund,55150000.0,4500000.0,50650000.0,10,8,2,6,6,6,0,4
2020,2020/21,L1,Bundesliga,15,Bayer 04 Leverkusen,41200000.0,111000000.0,-69800000.0,10,6,4,2,5,5,0,3
2020,2020/21,L1,Bundesliga,44,Hertha BSC,26000000.0,7000000.0,19000000.0,11,8,3,5,4,4,0,3
2020,2020/21,L1,Bundesliga,82,VfL Wolfsburg,20000000.0,11000000.0,9000000.0,9,7,2,4,7,7,0,5
2020,2020/21,L1,Bundesliga,79,VfB Stuttgart,14200000.0,4000000.0,10200000.0,10,8,2,4,4,4,0,3
2020,2020/21,L1,Bundesliga,60,SC Freiburg,13700000.0,36300000.0,-22600000.0,10,9,1,7,10,10,0,6
2020,2020/21,L1,Bundesliga,86,SV Werder Bremen,11000000.0,11700000.0,-700000.0,16,11,5,9,9,8,1,7
2020,2020/21,L1,Bundesliga,18,Borussia Mönchengladbach,10800000.0,0.0,10800000.0,11,9,2,7,6,6,0,6
2020,2020/21,L1,Bundesliga,3,1.FC Köln,10300000.0,15000000.0,-4700000.0,14,11,3,9,12,12,0,11
2020,2020/21,L1,Bundesliga,167,FC Augsburg,10300000.0,10000000.0,300000.0,10,10,0,7,9,9,0,8
2020,2020/21,L1,Bundesliga,24,Eintracht Frankfurt,9000000.0,15700000.0,-6700000.0,12,12,0,8,14,13,1,9
2020,2020/21,L1,Bundesliga,533,TSG 1899 Hoffenheim,3750000.0,17200000.0,-13450000.0,11,6,5,4,9,8,1,5
2020,2020/21,L1,Bundesliga,39,1.FSV Mainz 05,2000000.0,10000000.0,-8000000.0,12,9,3,8,13,13,0,12
2020,2020/21,L1,Bundesliga,89,1.FC Union Berlin,1500000.0,0.0,1500000.0,12,12,0,11,13,12,1,12
2020,2020/21,L1,Bundesliga,10,Arminia Bielefeld,0.0,0.0,0.0,8,8,0,8,7,6,1,6
2020,2020/21,L1,Bundesliga,33,FC Schalke 04,0.0,0.0,0.0,15,10,5,10,12,12,0,12
2020,2020/21,ES1,La Liga,131,FC Barcelona,111940000.0,150900000.0,-38960000.0,14,9,5,6,13,13,0,6
2020,2020/21,ES1,La Liga,13,Atlético de Madrid,90500000.0,58000000.0,32500000.0,17,15,2,10,13,13,0,11
2020,2020/21,ES1,La Liga,368,Sevilla FC,72350000.0,19680000.0,52670000.0,16,15,1,8,14,13,1,10
2020,2020/21,ES1,La Liga,1050,Villarreal CF,36590000.0,10000000.0,26590000.0,15,11,4,5,8,8,0,6
2020,2020/21,ES1,La Liga,16795,Granada CF,23500000.0,0.0,23500000.0,11,11,0,6,7,7,0,7
2020,2020/21,ES1,La Liga,3709,Getafe CF,20800000.0,2550000.0,18250000.0,13,12,1,10,14,14,0,12
2020,2020/21,ES1,La Liga,621,Athletic Bilbao,11130000.0,0.0,11130000.0,8,4,4,3,5,5,0,5
2020,2020/21,ES1,La Liga,681,Real Sociedad,10000000.0,25000000.0,-15000000.0,5,3,2,2,5,5,0,3
2020,2020/21,ES1,La Liga,366,Real Valladolid CF,9150000.0,12000000.0,-2850000.0,13,11,2,7,7,7,0,6
2020,2020/21,ES1,La Liga,3368,Levante UD,6000000.0,5000000.0,1000000.0,6,4,2,3,6,6,0,5
2020,2020/21,ES1,La Liga,2687,Cádiz CF,5700000.0,0.0,5700000.0,8,8,0,5,5,4,1,4
2020,2020/21,ES1,La Liga,331,CA Osasuna,5000000.0,3000000.0,2000000.0,9,9,0,7,8,8,0,7
2020,2020/21,ES1,La Liga,940,Celta de Vigo,3000000.0,2500000.0,500000.0,6,6,0,4,5,5,0,4
2020,2020/21,ES1,La Liga,5358,SD Huesca,2500000.0,0.0,2500000.0,7,6,1,4,9,8,1,8
2020,2020/21,ES1,La Liga,1531,Elche CF,600000.0,7300000.0,-6700000.0,12,10,2,8,11,11,0,8
2020,2020/21,ES1,La Liga,150,Real Betis Balompié,0.0,38500000.0,-38500000.0,8,5,3,5,6,5,1,3
2020,2020/21,ES1,La Liga,418,Real Madrid,0.0,98000000.0,-98000000.0,10,10,0,10,16,16,0,10
2020,2020/21,ES1,La Liga,1049,Valencia CF,0.0,58850000.0,-58850000.0,8,5,3,5,10,10,0,6
2020,2020/21,ES1,La Liga,1108,Deportivo Alavés,0.0,4400000.0,-4400000.0,11,9,2,9,12,11,1,9
2020,2020/21,ES1,La Liga,1533,SD Eibar,0.0,0.0,0.0,6,6,0,6,7,7,0,7
2020,2020/21,FR1,Ligue 1,273,Stade Rennais FC,67000000.0,53620000.0,13380000.0,16,12,4,7,15,15,0,8
2020,2020/21,FR1,Ligue 1,583,Paris Saint-Germain,56000000.0,400000.0,55600000.0,16,13,3,11,16,16,0,15
2020,2020/21,FR1,Ligue 1,162,AS Monaco,51200000.0,10400000.0,40800000.0,22,19,3,14,18,17,1,13
2020,2020/21,FR1,Ligue 1,1082,LOSC Lille,35000000.0,107900000.0,-72900000.0,14,12,2,10,11,11,0,8
2020,2020/21,FR1,Ligue 1,417,OGC Nice,29230000.0,17400000.0,11830000.0,25,18,7,12,19,16,3,12
2020,2020/21,FR1,Ligue 1,1041,Olympique Lyon,24850000.0,47100000.0,-22250000.0,13,11,2,9,16,16,0,10
2020,2020/21,FR1,Ligue 1,1158,FC Lorient,24500000.0,6500000.0,18000000.0,12,12,0,7,7,7,0,6
2020,2020/21,FR1,Ligue 1,826,RC Lens,18000000.0,0.0,18000000.0,11,10,1,7,7,6,1,6
2020,2020/21,FR1,Ligue 1,3911,Stade Brestois 29,15600000.0,0.0,15600000.0,13,12,1,7,8,8,0,8
2020,2020/21,FR1,Ligue 1,969,Montpellier HSC,13100000.0,0.0,13100000.0,4,3,1,0,1,1,0,1
2020,2020/21,FR1,Ligue 1,1421,Stade Reims,11200000.0,17000000.0,-5800000.0,12,10,2,6,10,10,0,8
2020,2020/21,FR1,Ligue 1,347,FC Metz,11000000.0,10000000.0,1000000.0,12,8,4,4,11,8,3,7
2020,2020/21,FR1,Ligue 1,1420,Angers SCO,11000000.0,10000000.0,1000000.0,8,7,1,4,7,5,2,4
2020,2020/21,FR1,Ligue 1,667,RC Strasbourg Alsace,10000000.0,500000.0,9500000.0,4,4,0,3,3,3,0,2
2020,2020/21,FR1,Ligue 1,244,Olympique Marseille,8000000.0,33200000.0,-25200000.0,10,10,0,9,9,9,0,6
2020,2020/21,FR1,Ligue 1,2969,Dijon FCO,7400000.0,16000000.0,-8600000.0,12,11,1,8,11,11,0,8
2020,2020/21,FR1,Ligue 1,1160,Nîmes Olympique,6900000.0,0.0,6900000.0,5,5,0,2,3,3,0,3
2020,2020/21,FR1,Ligue 1,618,AS Saint-Étienne,5500000.0,41000000.0,-35500000.0,16,11,5,9,13,13,0,10
2020,2020/21,FR1,Ligue 1,995,FC Nantes,5000000.0,2000000.0,3000000.0,7,7,0,6,8,7,1,5
2020,2020/21,FR1,Ligue 1,40,FC Girondins Bordeaux,0.0,13000000.0,-13000000.0,6,2,4,2,3,3,0,1
2020,2020/21,GB1,Premier League,631,Chelsea FC,267200000.0,49500000.0,217700000.0,22,22,0,17,19,19,0,17
2020,2020/21,GB1,Premier League,281,Manchester City,167400000.0,64000000.0,103400000.0,23,22,1,16,22,22,0,20
2020,2020/21,GB1,Premier League,148,Tottenham Hotspur,107500000.0,13300000.0,94200000.0,13,13,0,8,10,10,0,9
2020,2020/21,GB1,Premier League,405,Aston Villa,101350000.0,0.0,101350000.0,9,8,1,3,6,3,3,3
2020,2020/21,GB1,Premier League,985,Manchester United,89950000.0,16700000.0,73250000.0,17,14,3,10,15,15,0,13
2020,2020/21,GB1,Premier League,543,Wolverhampton Wanderers,84589000.0,79200000.0,5389000.0,22,21,1,16,19,19,0,16
2020,2020/21,GB1,Premier League,11,Arsenal FC,84000000.0,17400000.0,66600000.0,16,15,1,11,14,14,0,13
2020,2020/21,GB1,Premier League,31,Liverpool FC,82300000.0,15900000.0,66400000.0,14,12,2,7,13,12,1,10
2020,2020/21,GB1,Premier League,399,Leeds United,75800000.0,0.0,75800000.0,7,7,0,2,6,6,0,6
2020,2020/21,GB1,Premier League,29,Everton FC,74370000.0,4430000.0,69940000.0,15,13,2,9,12,11,1,9
2020,2020/21,GB1,Premier League,350,Sheffield United,62700000.0,0.0,62700000.0,11,11,0,5,7,7,0,7
2020,2020/21,GB1,Premier League,1003,Leicester City,55900000.0,53770000.0,2130000.0,11,9,2,7,13,13,0,10
2020,2020/21,GB1,Premier League,379,West Ham United,46900000.0,42000000.0,4900000.0,10,8,2,4,8,8,0,4
2020,2020/21,GB1,Premier League,1237,Brighton & Hove Albion,46200000.0,0.0,46200000.0,17,16,1,11,10,10,0,10
2020,2020/21,GB1,Premier League,762,Newcastle United,38750000.0,780000.0,37970000.0,9,9,0,7,6,6,0,5
2020,2020/21,GB1,Premier League,180,Southampton FC,25300000.0,23100000.0,2200000.0,12,10,2,8,13,13,0,11
2020,2020/21,GB1,Premier League,984,West Bromwich Albion,21750000.0,6500000.0,15250000.0,8,8,0,6,9,9,0,8
2020,2020/21,GB1,Premier League,873,Crystal Palace,18900000.0,20000000.0,-1100000.0,8,7,1,5,2,2,0,1
2020,2020/21,GB1,Premier League,931,Fulham FC,13450000.0,0.0,13450000.0,11,11,0,7,9,8,1,8
2020,2020/21,GB1,Premier League,1132,Burnley FC,0.0,0.0,0.0,1,0,1,0,4,3,1,3
2020,2020/21,IT1,Serie A,46,Inter Milan,131250000.0,77900000.0,53350000.0,27,26,1,20,19,19,0,15
2020,2020/21,IT1,Serie A,506,Juventus FC,98800000.0,85000000.0,13800000.0,16,14,2,11,13,13,0,11
2020,2020/21,IT1,Serie A,6195,SSC Napoli,78900000.0,86130000.0,-7230000.0,15,13,2,12,19,19,0,12
2020,2020/21,IT1,Serie A,130,Parma Calcio 1913,73130000.0,3700000.0,69430000.0,24,21,3,10,11,11,0,10
2020,2020/21,IT1,Serie A,12,Associazione Sportiva Roma,69500000.0,41500000.0,28000000.0,18,17,1,13,13,13,0,10
2020,2020/21,IT1,Serie A,430,ACF Fiorentina,59800000.0,44500000.0,15300000.0,24,23,1,17,17,17,0,14
2020,2020/21,IT1,Serie A,800,Atalanta BC,51800000.0,84100000.0,-32300000.0,24,20,4,15,24,24,0,18
2020,2020/21,IT1,Serie A,416,Torino FC,43150000.0,22130000.0,21020000.0,15,15,0,10,12,12,0,10
2020,2020/21,IT1,Serie A,252,Genoa CFC,37800000.0,43650000.0,-5850000.0,33,31,2,25,37,34,3,28
2020,2020/21,IT1,Serie A,398,Società Sportiva Lazio S.p.A.,33700000.0,6950000.0,26750000.0,17,17,0,15,12,12,0,9
2020,2020/21,IT1,Serie A,1390,Cagliari Calcio,29380000.0,47000000.0,-17620000.0,14,14,0,11,16,16,0,12
2020,2020/21,IT1,Serie A,6574,US Sassuolo,29360000.0,51000000.0,-21640000.0,19,19,0,13,16,16,0,13
2020,2020/21,IT1,Serie A,5,AC Milan,24220000.0,51650000.0,-27430000.0,18,16,2,11,18,17,1,12
2020,2020/21,IT1,Serie A,410,Udinese Calcio,22000000.0,29250000.0,-7250000.0,17,17,0,14,20,15,5,12
2020,2020/21,IT1,Serie A,1038,UC Sampdoria,12750000.0,7500000.0,5250000.0,15,14,1,10,11,10,1,9
2020,2020/21,IT1,Serie A,276,Hellas Verona,12150000.0,600000.0,11550000.0,23,22,1,17,20,19,1,18
2020,2020/21,IT1,Serie A,4171,Benevento Calcio,9000000.0,1000000.0,8000000.0,7,6,1,2,4,4,0,3
2020,2020/21,IT1,Serie A,3522,Spezia Calcio,3700000.0,1500000.0,2200000.0,12,12,0,10,11,10,1,9
2020,2020/21,IT1,Serie A,1025,Bologna Football Club 1909,1972000.0,5000000.0,-3028000.0,10,10,0,7,12,12,0,11
2020,2020/21,IT1,Serie A,4083,FC Crotone,800000.0,0.0,800000.0,10,10,0,9,9,9,0,9
2021,2021/22,L1,Bundesliga,23826,RB Leipzig,126220000.0,111500000.0,14720000.0,20,18,2,11,14,13,1,7
2021,2021/22,L1,Bundesliga,82,VfL Wolfsburg,76780000.0,20350000.0,56430000.0,22,17,5,9,14,14,0,12
2021,2021/22,L1,Bundesliga,27,Bayern Munich,57500000.0,0.0,57500000.0,13,9,4,7,9,9,0,9
2021,2021/22,L1,Bundesliga,15,Bayer 04 Leverkusen,55350000.0,43100000.0,12250000.0,11,11,0,4,10,10,0,5
2021,2021/22,L1,Bundesliga,16,Borussia Dortmund,45000000.0,109000000.0,-64000000.0,5,4,1,2,8,8,0,3
2021,2021/22,L1,Bundesliga,44,Hertha BSC,26900000.0,57000000.0,-30100000.0,20,18,2,10,12,12,0,9
2021,2021/22,L1,Bundesliga,167,FC Augsburg,23560000.0,15100000.0,8460000.0,9,8,1,5,9,9,0,7
2021,2021/22,L1,Bundesliga,89,1.FC Union Berlin,18100000.0,13250000.0,4850000.0,20,20,0,11,11,11,0,6
2021,2021/22,L1,Bundesliga,18,Borussia Mönchengladbach,17000000.0,11350000.0,5650000.0,7,7,0,4,5,5,0,4
2021,2021/22,L1,Bundesliga,79,VfB Stuttgart,16850000.0,43120000.0,-26270000.0,15,12,3,7,11,11,0,7
2021,2021/22,L1,Bundesliga,60,SC Freiburg,9500000.0,14500000.0,-5000000.0,8,3,5,1,7,7,0,3
2021,2021/22,L1,Bundesliga,24,Eintracht Frankfurt,9190000.0,28000000.0,-18810000.0,15,14,1,10,11,11,0,7
2021,2021/22,L1,Bundesliga,10,Arminia Bielefeld,8550000.0,350000.0,8200000.0,14,14,0,6,6,6,0,5
2021,2021/22,L1,Bundesliga,39,1.FSV Mainz 05,7000000.0,17800000.0,-10800000.0,14,12,2,10,13,13,0,10
2021,2021/22,L1,Bundesliga,65,SpVgg Greuther Fürth,550000.0,4500000.0,-3950000.0,11,9,2,7,8,7,1,6
2021,2021/22,L1,Bundesliga,3,1.FC Köln,0.0,24400000.0,-24400000.0,12,10,2,10,12,11,1,6
2021,2021/22,L1,Bundesliga,80,VfL Bochum,0.0,0.0,0.0,9,9,0,9,5,5,0,5
2021,2021/22,L1,Bundesliga,533,TSG 1899 Hoffenheim,0.0,0.0,0.0,13,10,3,10,9,8,1,8
2021,2021/22,ES1,La Liga,13,Atlético de Madrid,75700000.0,17750000.0,57950000.0,21,19,2,15,16,15,1,12
2021,2021/22,ES1,La Liga,131,FC Barcelona,69000000.0,78850000.0,-9850000.0,18,13,5,11,18,18,0,12
2021,2021/22,ES1,La Liga,1050,Villarreal CF,54500000.0,10500000.0,44000000.0,14,12,2,8,14,14,0,11
2021,2021/22,ES1,La Liga,368,Sevilla FC,41500000.0,28500000.0,13000000.0,14,14,0,9,13,13,0,10
2021,2021/22,ES1,La Liga,418,Real Madrid,31000000.0,75000000.0,-44000000.0,8,7,1,6,7,7,0,5
2021,2021/22,ES1,La Liga,16795,Granada CF,19040000.0,2500000.0,16540000.0,18,15,3,9,10,10,0,9
2021,2021/22,ES1,La Liga,1049,Valencia CF,15650000.0,2700000.0,12950000.0,14,12,2,8,14,12,2,11
2021,2021/22,ES1,La Liga,3709,Getafe CF,11160000.0,21000000.0,-9840000.0,21,19,2,16,16,16,0,14
2021,2021/22,ES1,La Liga,237,RCD Mallorca,9000000.0,8000000.0,1000000.0,16,16,0,13,13,13,0,12
2021,2021/22,ES1,La Liga,940,Celta de Vigo,9000000.0,0.0,9000000.0,11,9,2,7,8,8,0,8
2021,2021/22,ES1,La Liga,1531,Elche CF,8200000.0,200000.0,8000000.0,16,14,2,11,10,10,0,9
2021,2021/22,ES1,La Liga,331,CA Osasuna,8000000.0,0.0,8000000.0,8,6,2,5,5,5,0,5
2021,2021/22,ES1,La Liga,367,Rayo Vallecano,4300000.0,2200000.0,2100000.0,19,17,2,14,13,13,0,12
2021,2021/22,ES1,La Liga,2687,Cádiz CF,4100000.0,0.0,4100000.0,15,13,2,10,7,7,0,7
2021,2021/22,ES1,La Liga,150,Real Betis Balompié,3250000.0,14000000.0,-10750000.0,9,8,1,7,6,6,0,5
2021,2021/22,ES1,La Liga,714,RCD Espanyol Barcelona,3200000.0,0.0,3200000.0,10,9,1,7,7,7,0,7
2021,2021/22,ES1,La Liga,1108,Deportivo Alavés,1150000.0,0.0,1150000.0,18,17,1,16,14,14,0,14
2021,2021/22,ES1,La Liga,681,Real Sociedad,500000.0,0.0,500000.0,8,7,1,6,7,5,2,5
2021,2021/22,ES1,La Liga,621,Athletic Bilbao,0.0,0.0,0.0,6,4,2,4,6,6,0,6
2021,2021/22,ES1,La Liga,3368,Levante UD,0.0,0.0,0.0,4,3,1,3,4,3,1,3
2021,2021/22,FR1,Ligue 1,583,Paris Saint-Germain,84000000.0,7000000.0,77000000.0,22,15,7,13,11,10,1,9
2021,2021/22,FR1,Ligue 1,273,Stade Rennais FC,81740000.0,49900000.0,31840000.0,16,9,7,2,13,13,0,5
2021,2021/22,FR1,Ligue 1,417,OGC Nice,63000000.0,18400000.0,44600000.0,17,16,1,9,18,16,2,12
2021,2021/22,FR1,Ligue 1,244,Olympique Marseille,49900000.0,4000000.0,45900000.0,19,18,1,12,15,14,1,12
2021,2021/22,FR1,Ligue 1,162,AS Monaco,46300000.0,34150000.0,12150000.0,12,12,0,8,18,18,0,11
2021,2021/22,FR1,Ligue 1,1082,LOSC Lille,26570000.0,78700000.0,-52130000.0,7,7,0,4,15,15,0,3
2021,2021/22,FR1,Ligue 1,826,RC Lens,23100000.0,17000000.0,6100000.0,13,12,1,6,4,4,0,3
2021,2021/22,FR1,Ligue 1,1041,Olympique Lyon,21000000.0,95600000.0,-74600000.0,16,11,5,9,13,13,0,7
2021,2021/22,FR1,Ligue 1,1095,ESTAC Troyes,16500000.0,0.0,16500000.0,15,14,1,8,9,8,1,8
2021,2021/22,FR1,Ligue 1,1421,Stade Reims,16000000.0,14050000.0,1950000.0,21,14,7,11,14,14,0,10
2021,2021/22,FR1,Ligue 1,1158,FC Lorient,10500000.0,10000000.0,500000.0,15,12,3,8,8,8,0,7
2021,2021/22,FR1,Ligue 1,995,FC Nantes,7500000.0,15800000.0,-8300000.0,7,4,3,3,11,10,1,5
2021,2021/22,FR1,Ligue 1,3911,Stade Brestois 29,5250000.0,28200000.0,-22950000.0,9,9,0,5,7,7,0,4
2021,2021/22,FR1,Ligue 1,667,RC Strasbourg Alsace,4500000.0,16000000.0,-11500000.0,17,11,6,8,13,13,0,11
2021,2021/22,FR1,Ligue 1,40,FC Girondins Bordeaux,4000000.0,16100000.0,-12100000.0,12,12,0,10,16,15,1,13
2021,2021/22,FR1,Ligue 1,347,FC Metz,2500000.0,23500000.0,-21000000.0,17,14,3,13,14,14,0,10
2021,2021/22,FR1,Ligue 1,1420,Angers SCO,1370000.0,18100000.0,-16730000.0,5,4,1,2,5,5,0,3
2021,2021/22,FR1,Ligue 1,618,AS Saint-Étienne,0.0,0.0,0.0,6,5,1,5,6,6,0,6
2021,2021/22,FR1,Ligue 1,969,Montpellier HSC,0.0,25000000.0,-25000000.0,8,5,3,5,5,5,0,3
2021,2021/22,FR1,Ligue 1,3524,Clermont Foot 63,0.0,0.0,0.0,10,8,2,8,6,6,0,6
2021,2021/22,GB1,Premier League,11,Arsenal FC,167400000.0,29400000.0,138000000.0,18,17,1,10,16,16,0,15
2021,2021/22,GB1,Premier League,985,Manchester United,142000000.0,29100000.0,112900000.0,16,15,1,12,12,12,0,11
2021,2021/22,GB1,Premier League,281,Manchester City,138900000.0,93800000.0,45100000.0,21,20,1,18,21,20,1,16
2021,2021/22,GB1,Premier League,762,Newcastle United,130500000.0,0.0,130500000.0,10,10,0,5,7,6,1,6
2021,2021/22,GB1,Premier League,405,Aston Villa,129800000.0,127000000.0,2800000.0,20,16,4,12,14,14,0,11
2021,2021/22,GB1,Premier League,631,Chelsea FC,113000000.0,153440000.0,-40440000.0,11,10,1,9,17,17,0,10
2021,2021/22,GB1,Premier League,31,Liverpool FC,89000000.0,28550000.0,60450000.0,10,9,1,7,10,10,0,7
2021,2021/22,GB1,Premier League,148,Tottenham Hotspur,85900000.0,32700000.0,53200000.0,14,13,1,9,17,16,1,12
2021,2021/22,GB1,Premier League,873,Crystal Palace,85620000.0,0.0,85620000.0,10,10,0,3,8,8,0,8
2021,2021/22,GB1,Premier League,379,West Ham United,67300000.0,4000000.0,63300000.0,8,8,0,5,8,8,0,6
2021,2021/22,GB1,Premier League,180,Southampton FC,63400000.0,60350000.0,3050000.0,7,7,0,3,10,9,1,4
2021,2021/22,GB1,Premier League,399,Leeds United,59300000.0,0.0,59300000.0,12,9,3,5,6,6,0,6
2021,2021/22,GB1,Premier League,1237,Brighton & Hove Albion,52580000.0,77500000.0,-24920000.0,18,18,0,11,19,18,1,13
2021,2021/22,GB1,Premier League,1132,Burnley FC,49400000.0,30000000.0,19400000.0,6,6,0,2,4,3,1,2
2021,2021/22,GB1,Premier League,1123,Norwich City,48750000.0,38400000.0,10350000.0,15,14,1,8,11,11,0,10
2021,2021/22,GB1,Premier League,29,Everton FC,39500000.0,39000000.0,500000.0,14,13,1,10,13,11,2,8
2021,2021/22,GB1,Premier League,1003,Leicester City,37600000.0,3000000.0,34600000.0,7,6,1,4,6,6,0,5
2021,2021/22,GB1,Premier League,1148,Brentford FC,37200000.0,0.0,37200000.0,14,12,2,8,11,10,1,10
2021,2021/22,GB1,Premier League,1010,Watford FC,34500000.0,11100000.0,23400000.0,22,21,1,14,18,16,2,13
2021,2021/22,GB1,Premier League,543,Wolverhampton Wanderers,31600000.0,31800000.0,-200000.0,23,22,1,15,21,20,1,17
2021,2021/22,IT1,Serie A,506,Juventus FC,136550000.0,53000000.0,83550000.0,20,19,1,13,14,14,0,11
2021,2021/22,IT1,Serie A,12,Associazione Sportiva Roma,130730000.0,10600000.0,120130000.0,25,21,4,14,22,21,1,19
2021,2021/22,IT1,Serie A,5,AC Milan,90080000.0,3500000.0,86580000.0,21,20,1,13,13,13,0,12
2021,2021/22,IT1,Serie A,800,Atalanta BC,71600000.0,42965000.0,28635000.0,32,31,1,26,27,27,0,21
2021,2021/22,IT1,Serie A,430,ACF Fiorentina,66420000.0,114650000.0,-48230000.0,19,18,1,13,19,19,0,13
2021,2021/22,IT1,Serie A,276,Hellas Verona,38800000.0,36400000.0,2400000.0,27,25,2,18,20,20,0,16
2021,2021/22,IT1,Serie A,46,Inter Milan,36550000.0,208150000.0,-171600000.0,21,20,1,16,27,26,1,20
2021,2021/22,IT1,Serie A,252,Genoa CFC,36500000.0,20780000.0,15720000.0,39,38,1,28,26,26,0,24
2021,2021/22,IT1,Serie A,1025,Bologna Football Club 1909,32305000.0,26500000.0,5805000.0,13,12,1,6,11,10,1,7
2021,2021/22,IT1,Serie A,6574,US Sassuolo,30000000.0,21900000.0,8100000.0,22,22,0,17,20,20,0,15
2021,2021/22,IT1,Serie A,3522,Spezia Calcio,22240000.0,5000000.0,17240000.0,25,23,2,12,14,14,0,12
2021,2021/22,IT1,Serie A,6195,SSC Napoli,22100000.0,2500000.0,19600000.0,13,13,0,12,13,13,0,12
2021,2021/22,IT1,Serie A,607,Venezia FC,16390000.0,0.0,16390000.0,19,19,0,13,11,11,0,11
2021,2021/22,IT1,Serie A,398,Società Sportiva Lazio S.p.A.,13300000.0,0.0,13300000.0,16,15,1,11,12,12,0,12
2021,2021/22,IT1,Serie A,1390,Cagliari Calcio,12825000.0,1700000.0,11125000.0,19,18,1,13,12,12,0,11
2021,2021/22,IT1,Serie A,380,US Salernitana 1919,10600000.0,0.0,10600000.0,21,21,0,18,16,16,0,16
2021,2021/22,IT1,Serie A,416,Torino FC,10400000.0,16750000.0,-6350000.0,16,15,1,12,21,20,1,16
2021,2021/22,IT1,Serie A,410,Udinese Calcio,9400000.0,73300000.0,-63900000.0,17,17,0,12,17,16,1,10
2021,2021/22,IT1,Serie A,749,FC Empoli,9200000.0,17600000.0,-8400000.0,23,18,5,13,18,18,0,16
2021,2021/22,IT1,Serie A,1038,UC Sampdoria,2500000.0,7560000.0,-5060000.0,12,12,0,11,16,16,0,14
2022,2022/23,L1,Bundesliga,27,Bayern Munich,146500000.0,121900000.0,24600000.0,16,14,2,9,16,16,0,8
2022,2022/23,L1,Bundesliga,16,Borussia Dortmund,99500000.0,81500000.0,18000000.0,13,11,2,5,8,7,1,4
2022,2022/23,L1,Bundesliga,23826,RB Leipzig,58000000.0,80620000.0,-22620000.0,13,11,2,8,15,14,1,6
2022,2022/23,L1,Bundesliga,82,VfL Wolfsburg,36250000.0,21200000.0,15050000.0,15,15,0,8,14,12,2,7
2022,2022/23,L1,Bundesliga,24,Eintracht Frankfurt,28500000.0,20590000.0,7910000.0,21,19,2,12,16,16,0,10
2022,2022/23,L1,Bundesliga,89,1.FC Union Berlin,24150000.0,28950000.0,-4800000.0,17,16,1,11,17,17,0,12
2022,2022/23,L1,Bundesliga,18,Borussia Mönchengladbach,24000000.0,23000000.0,1000000.0,10,8,2,4,9,9,0,6
2022,2022/23,L1,Bundesliga,39,1.FSV Mainz 05,21800000.0,27850000.0,-6050000.0,16,13,3,7,13,12,1,7
2022,2022/23,L1,Bundesliga,533,TSG 1899 Hoffenheim,19800000.0,72700000.0,-52900000.0,18,16,2,12,17,15,2,10
2022,2022/23,L1,Bundesliga,60,SC Freiburg,17950000.0,22300000.0,-4350000.0,9,8,1,4,8,8,0,6
2022,2022/23,L1,Bundesliga,79,VfB Stuttgart,15350000.0,52600000.0,-37250000.0,17,13,4,6,15,15,0,8
2022,2022/23,L1,Bundesliga,15,Bayer 04 Leverkusen,15100000.0,7000000.0,8100000.0,9,8,1,5,8,8,0,6
2022,2022/23,L1,Bundesliga,167,FC Augsburg,13250000.0,4950000.0,8300000.0,21,19,2,12,13,13,0,10
2022,2022/23,L1,Bundesliga,44,Hertha BSC,7350000.0,22350000.0,-15000000.0,15,14,1,11,23,23,0,14
2022,2022/23,L1,Bundesliga,33,FC Schalke 04,7280000.0,25050000.0,-17770000.0,28,27,1,20,27,26,1,20
2022,2022/23,L1,Bundesliga,3,1.FC Köln,6750000.0,8220000.0,-1470000.0,14,12,2,7,11,11,0,8
2022,2022/23,L1,Bundesliga,86,SV Werder Bremen,4000000.0,2950000.0,1050000.0,14,13,1,12,10,9,1,7
2022,2022/23,L1,Bundesliga,80,VfL Bochum,635000.0,17000000.0,-16365000.0,18,16,2,14,13,13,0,10
2022,2022/23,ES1,La Liga,131,FC Barcelona,159000000.0,36000000.0,123000000.0,17,15,2,11,17,17,0,13
2022,2022/23,ES1,La Liga,418,Real Madrid,80000000.0,99150000.0,-19150000.0,9,6,3,5,11,11,0,6
2022,2022/23,ES1,La Liga,681,Real Sociedad,53500000.0,88000000.0,-34500000.0,15,9,6,5,12,12,0,9
2022,2022/23,ES1,La Liga,3302,UD Almería,37080000.0,22200000.0,14880000.0,21,21,0,10,11,11,0,9
2022,2022/23,ES1,La Liga,368,Sevilla FC,30400000.0,87000000.0,-56600000.0,27,23,4,20,25,24,1,20
2022,2022/23,ES1,La Liga,13,Atlético de Madrid,29500000.0,12050000.0,17450000.0,23,20,3,17,22,20,2,17
2022,2022/23,ES1,La Liga,150,Real Betis Balompié,27400000.0,14750000.0,12650000.0,10,9,1,6,9,9,0,7
2022,2022/23,ES1,La Liga,940,Celta de Vigo,23730000.0,17000000.0,6730000.0,19,16,3,11,12,12,0,10
2022,2022/23,ES1,La Liga,12321,Girona FC,21500000.0,0.0,21500000.0,27,22,5,19,15,15,0,15
2022,2022/23,ES1,La Liga,714,RCD Espanyol Barcelona,20000000.0,16000000.0,4000000.0,21,17,4,12,15,15,0,12
2022,2022/23,ES1,La Liga,3709,Getafe CF,15750000.0,20500000.0,-4750000.0,17,15,2,12,14,14,0,12
2022,2022/23,ES1,La Liga,367,Rayo Vallecano,14300000.0,0.0,14300000.0,12,12,0,9,9,8,1,8
2022,2022/23,ES1,La Liga,237,RCD Mallorca,13020000.0,5300000.0,7720000.0,14,12,2,9,13,13,0,9
2022,2022/23,ES1,La Liga,1531,Elche CF,12960000.0,9400000.0,3560000.0,13,12,1,8,12,12,0,9
2022,2022/23,ES1,La Liga,1049,Valencia CF,12000000.0,54600000.0,-42600000.0,13,11,2,9,12,12,0,8
2022,2022/23,ES1,La Liga,366,Real Valladolid CF,11800000.0,1000000.0,10800000.0,16,13,3,8,11,11,0,10
2022,2022/23,ES1,La Liga,2687,Cádiz CF,11500000.0,1000000.0,10500000.0,18,16,2,9,13,13,0,12
2022,2022/23,ES1,La Liga,1050,Villarreal CF,6480000.0,27600000.0,-21120000.0,14,12,2,10,13,11,2,8
2022,2022/23,ES1,La Liga,331,CA Osasuna,1800000.0,250000.0,1550000.0,10,8,2,7,8,7,1,6
2022,2022/23,ES1,La Liga,621,Athletic Bilbao,0.0,0.0,0.0,12,8,4,8,9,9,0,9
2022,2022/23,FR1,Ligue 1,583,Paris Saint-Germain,147000000.0,52300000.0,94700000.0,22,17,5,11,26,23,3,17
2022,2022/23,FR1,Ligue 1,244,Olympique Marseille,119550000.0,36730000.0,82820000.0,30,29,1,19,26,26,0,21
2022,2022/23,FR1,Ligue 1,273,Stade Rennais FC,82500000.0,95000000.0,-12500000.0,21,16,5,11,17,17,0,13
2022,2022/23,FR1,Ligue 1,417,OGC Nice,80500000.0,49550000.0,30950000.0,28,23,5,15,23,22,1,16
2022,2022/23,FR1,Ligue 1,826,RC Lens,43590000.0,50460000.0,-6870000.0,13,11,2,3,11,11,0,5
2022,2022/23,FR1,Ligue 1,162,AS Monaco,42500000.0,156200000.0,-113700000.0,18,14,4,11,21,21,0,14
2022,2022/23,FR1,Ligue 1,1041,Olympique Lyon,32450000.0,75450000.0,-43000000.0,23,21,2,15,17,16,1,13
2022,2022/23,FR1,Ligue 1,1082,LOSC Lille,25500000.0,106270000.0,-80770000.0,15,13,2,8,10,9,1,3
2022,2022/23,FR1,Ligue 1,1158,FC Lorient,23700000.0,36250000.0,-12550000.0,25,20,5,15,21,21,0,15
2022,2022/23,FR1,Ligue 1,1421,Stade Reims,19900000.0,27050000.0,-7150000.0,27,23,4,17,25,25,0,21
2022,2022/23,FR1,Ligue 1,1095,ESTAC Troyes,18800000.0,10000000.0,8800000.0,20,17,3,12,15,14,1,13
2022,2022/23,FR1,Ligue 1,415,FC Toulouse,14400000.0,11000000.0,3400000.0,17,15,2,7,11,10,1,8
2022,2022/23,FR1,Ligue 1,995,FC Nantes,12200000.0,0.0,12200000.0,12,11,1,6,8,7,1,7
2022,2022/23,FR1,Ligue 1,969,Montpellier HSC,9000000.0,10000000.0,-1000000.0,14,12,2,9,10,10,0,7
2022,2022/23,FR1,Ligue 1,667,RC Strasbourg Alsace,7000000.0,9900000.0,-2900000.0,18,14,4,11,12,12,0,10
2022,2022/23,FR1,Ligue 1,3911,Stade Brestois 29,5350000.0,2100000.0,3250000.0,18,16,2,13,14,13,1,11
2022,2022/23,FR1,Ligue 1,1420,Angers SCO,4000000.0,39000000.0,-35000000.0,13,8,5,5,10,10,0,4
2022,2022/23,FR1,Ligue 1,3524,Clermont Foot 63,2300000.0,19000000.0,-16700000.0,13,9,4,7,9,7,2,5
2022,2022/23,FR1,Ligue 1,290,AJ Auxerre,2250000.0,0.0,2250000.0,18,15,3,13,11,11,0,11
2022,2022/23,FR1,Ligue 1,1147,AC Ajaccio,0.0,0.0,0.0,3,1,2,1,5,4,1,4
2022,2022/23,GB1,Premier League,631,Chelsea FC,616250000.0,59000000.0,557250000.0,31,28,3,13,23,22,1,16
2022,2022/23,GB1,Premier League,985,Manchester United,238020000.0,21650000.0,216370000.0,23,17,6,13,21,20,1,17
2022,2022/23,GB1,Premier League,379,West Ham United,196600000.0,21550000.0,175050000.0,14,12,2,3,9,9,0,7
2022,2022/23,GB1,Premier League,762,Newcastle United,189100000.0,6500000.0,182600000.0,15,12,3,7,10,9,1,8
2022,2022/23,GB1,Premier League,703,Nottingham Forest,188850000.0,5000000.0,183850000.0,42,41,1,23,23,23,0,22
2022,2022/23,GB1,Premier League,11,Arsenal FC,186400000.0,23800000.0,162600000.0,23,21,2,13,18,18,0,14
2022,2022/23,GB1,Premier League,543,Wolverhampton Wanderers,177507000.0,64870000.0,112637000.0,30,27,3,17,26,25,1,17
2022,2022/23,GB1,Premier League,148,Tottenham Hotspur,173700000.0,38250000.0,135450000.0,19,19,0,14,16,15,1,13
2022,2022/23,GB1,Premier League,399,Leeds United,156840000.0,109200000.0,47640000.0,15,15,0,7,13,13,0,9
2022,2022/23,GB1,Premier League,281,Manchester City,155000000.0,160170000.0,-5170000.0,18,16,2,11,20,18,2,12
2022,2022/23,GB1,Premier League,180,Southampton FC,154210000.0,5500000.0,148710000.0,22,22,0,9,12,11,1,10
2022,2022/23,GB1,Premier League,31,Liverpool FC,136400000.0,80100000.0,56300000.0,10,8,2,5,13,12,1,7
2022,2022/23,GB1,Premier League,405,Aston Villa,112500000.0,54000000.0,58500000.0,19,18,1,12,17,17,0,12
2022,2022/23,GB1,Premier League,989,AFC Bournemouth,92650000.0,0.0,92650000.0,18,18,0,13,10,10,0,10
2022,2022/23,GB1,Premier League,29,Everton FC,83070000.0,103600000.0,-20530000.0,20,18,2,13,19,17,2,15
2022,2022/23,GB1,Premier League,931,Fulham FC,76100000.0,25400000.0,50700000.0,17,17,0,10,11,11,0,9
2022,2022/23,GB1,Premier League,1237,Brighton & Hove Albion,55700000.0,135800000.0,-80100000.0,14,12,2,6,13,13,0,8
2022,2022/23,GB1,Premier League,1148,Brentford FC,48250000.0,0.0,48250000.0,21,18,3,15,16,14,2,14
2022,2022/23,GB1,Premier League,1003,Leicester City,48000000.0,81400000.0,-33400000.0,8,8,0,5,7,7,0,5
2022,2022/23,GB1,Premier League,873,Crystal Palace,46600000.0,0.0,46600000.0,13,12,1,9,8,8,0,8
2022,2022/23,IT1,Serie A,506,Juventus FC,126100000.0,96200000.0,29900000.0,27,23,4,19,21,21,0,18
2022,2022/23,IT1,Serie A,800,Atalanta BC,112900000.0,128300000.0,-15400000.0,30,26,4,20,32,32,0,21
2022,2022/23,IT1,Serie A,410,Udinese Calcio,71460000.0,61900000.0,9560000.0,21,18,3,8,15,14,1,9
2022,2022/23,IT1,Serie A,6195,SSC Napoli,70300000.0,76600000.0,-6300000.0,22,20,2,15,20,19,1,15
2022,2022/23,IT1,Serie A,5,AC Milan,59960000.0,10200000.0,49760000.0,15,14,1,9,16,16,0,14
2022,2022/23,IT1,Serie A,46,Inter Milan,54700000.0,23860000.0,30840000.0,38,32,6,30,31,31,0,28
2022,2022/23,IT1,Serie A,6574,US Sassuolo,48780000.0,73340000.0,-24560000.0,26,24,2,17,24,24,0,17
2022,2022/23,IT1,Serie A,1025,Bologna Football Club 1909,48200000.0,42750000.0,5450000.0,24,20,4,14,17,16,1,13
2022,2022/23,IT1,Serie A,276,Hellas Verona,45710000.0,28310000.0,17400000.0,40,38,2,26,33,33,0,28
2022,2022/23,IT1,Serie A,380,US Salernitana 1919,41790000.0,22900000.0,18890000.0,31,29,2,17,18,17,1,16
2022,2022/23,IT1,Serie A,398,Società Sportiva Lazio S.p.A.,41650000.0,41520000.0,130000.0,21,20,1,14,20,20,0,16
2022,2022/23,IT1,Serie A,430,ACF Fiorentina,35660000.0,55480000.0,-19820000.0,18,17,1,12,16,16,0,12
2022,2022/23,IT1,Serie A,2919,AC Monza,34020000.0,0.0,34020000.0,25,25,0,17,16,16,0,16
2022,2022/23,IT1,Serie A,416,Torino FC,31300000.0,61100000.0,-29800000.0,22,20,2,13,18,17,1,15
2022,2022/23,IT1,Serie A,2239,US Cremonese,19900000.0,0.0,19900000.0,15,15,0,9,10,9,1,9
2022,2022/23,IT1,Serie A,749,FC Empoli,13350000.0,27200000.0,-13850000.0,31,28,3,24,24,24,0,20
2022,2022/23,IT1,Serie A,3522,Spezia Calcio,13330000.0,32930000.0,-19600000.0,21,20,1,15,20,20,0,14
2022,2022/23,IT1,Serie A,12,Associazione Sportiva Roma,7400000.0,69430000.0,-62030000.0,19,17,2,16,20,20,0,12
2022,2022/23,IT1,Serie A,1005,US Lecce,5330000.0,1800000.0,3530000.0,30,24,6,19,19,18,1,16
2022,2022/23,IT1,Serie A,1038,UC Sampdoria,5000000.0,32800000.0,-27800000.0,26,24,2,22,25,25,0,19
2023,2023/24,L1,Bundesliga,23826,RB Leipzig,187150000.0,241500000.0,-54350000.0,18,18,0,10,19,18,1,11
2023,2023/24,L1,Bundesliga,27,Bayern Munich,180000000.0,173920000.0,6080000.0,17,14,3,10,17,17,0,10
2023,2023/24,L1,Bundesliga,24,Eintracht Frankfurt,83300000.0,149500000.0,-66200000.0,35,31,4,17,25,25,0,17
2023,2023/24,L1,Bundesliga,15,Bayer 04 Leverkusen,82900000.0,68500000.0,14400000.0,13,12,1,6,13,13,0,9
2023,2023/24,L1,Bundesliga,82,VfL Wolfsburg,74800000.0,72100000.0,2700000.0,20,18,2,10,18,16,2,12
2023,2023/24,L1,Bundesliga,16,Borussia Dortmund,66250000.0,136000000.0,-69750000.0,10,9,1,6,12,12,0,9
2023,2023/24,L1,Bundesliga,533,TSG 1899 Hoffenheim,43300000.0,36000000.0,7300000.0,17,14,3,9,14,12,2,9
2023,2023/24,L1,Bundesliga,89,1.FC Union Berlin,38250000.0,6150000.0,32100000.0,26,22,4,14,21,19,2,15
2023,2023/24,L1,Bundesliga,18,Borussia Mönchengladbach,28780000.0,25000000.0,3780000.0,11,10,1,5,9,9,0,7
2023,2023/24,L1,Bundesliga,79,VfB Stuttgart,20450000.0,49700000.0,-29250000.0,21,20,1,14,21,20,1,15
2023,2023/24,L1,Bundesliga,39,1.FSV Mainz 05,10000000.0,24550000.0,-14550000.0,12,9,3,5,14,12,2,7
2023,2023/24,L1,Bundesliga,167,FC Augsburg,9650000.0,28100000.0,-18450000.0,20,18,2,14,19,18,1,13
2023,2023/24,L1,Bundesliga,86,SV Werder Bremen,8750000.0,29300000.0,-20550000.0,15,14,1,10,15,14,1,8
2023,2023/24,L1,Bundesliga,60,SC Freiburg,8500000.0,42100000.0,-33600000.0,9,7,2,4,7,7,0,3
2023,2023/24,L1,Bundesliga,105,SV Darmstadt 98,3800000.0,2250000.0,1550000.0,12,12,0,10,12,12,0,10
2023,2023/24,L1,Bundesliga,3,1.FC Köln,2500000.0,3100000.0,-600000.0,16,11,5,10,13,12,1,11
2023,2023/24,L1,Bundesliga,80,VfL Bochum,2450000.0,0.0,2450000.0,18,15,3,12,13,11,2,11
2023,2023/24,L1,Bundesliga,2036,1. Fußballclub Heidenheim 1846,2300000.0,0.0,2300000.0,9,6,3,4,2,2,0,2
2023,2023/24,ES1,La Liga,418,Real Madrid,160000000.0,7000000.0,153000000.0,10,9,1,6,10,10,0,8
2023,2023/24,ES1,La Liga,13,Atlético de Madrid,56500000.0,101100000.0,-44600000.0,22,20,2,14,19,18,1,12
2023,2023/24,ES1,La Liga,3302,UD Almería,54250000.0,49800000.0,4450000.0,23,21,2,14,22,22,0,16
2023,2023/24,ES1,La Liga,131,FC Barcelona,33400000.0,131200000.0,-97800000.0,21,14,7,12,17,17,0,11
2023,2023/24,ES1,La Liga,150,Real Betis Balompié,33200000.0,68500000.0,-35300000.0,21,17,4,11,17,17,0,10
2023,2023/24,ES1,La Liga,368,Sevilla FC,32000000.0,24600000.0,7400000.0,18,17,1,14,18,17,1,14
2023,2023/24,ES1,La Liga,940,Celta de Vigo,31200000.0,46200000.0,-15000000.0,16,15,1,9,14,14,0,9
2023,2023/24,ES1,La Liga,237,RCD Mallorca,24300000.0,22000000.0,2300000.0,16,15,1,9,10,10,0,9
2023,2023/24,ES1,La Liga,367,Rayo Vallecano,22300000.0,5700000.0,16600000.0,12,12,0,7,10,9,1,7
2023,2023/24,ES1,La Liga,12321,Girona FC,22250000.0,17900000.0,4350000.0,18,18,0,13,16,16,0,13
2023,2023/24,ES1,La Liga,16795,Granada CF,19190000.0,6450000.0,12740000.0,26,25,1,17,19,19,0,16
2023,2023/24,ES1,La Liga,681,Real Sociedad,19000000.0,17800000.0,1200000.0,16,13,3,10,14,14,0,9
2023,2023/24,ES1,La Liga,1050,Villarreal CF,12500000.0,110000000.0,-97500000.0,16,15,1,13,14,14,0,8
2023,2023/24,ES1,La Liga,3709,Getafe CF,11000000.0,4540000.0,6460000.0,18,17,1,14,22,22,0,18
2023,2023/24,ES1,La Liga,1108,Deportivo Alavés,10400000.0,2500000.0,7900000.0,17,16,1,10,13,12,1,11
2023,2023/24,ES1,La Liga,1049,Valencia CF,10250000.0,28500000.0,-18250000.0,16,10,6,7,15,15,0,11
2023,2023/24,ES1,La Liga,331,CA Osasuna,7000000.0,4900000.0,2100000.0,10,7,3,6,8,8,0,6
2023,2023/24,ES1,La Liga,2687,Cádiz CF,6000000.0,10000000.0,-4000000.0,15,15,0,12,19,16,3,14
2023,2023/24,ES1,La Liga,472,UD Las Palmas,4800000.0,0.0,4800000.0,12,11,1,7,9,7,2,7
2023,2023/24,ES1,La Liga,621,Athletic Bilbao,0.0,0.0,0.0,9,7,2,7,7,7,0,7
2023,2023/24,FR1,Ligue 1,583,Paris Saint-Germain,454500000.0,137150000.0,317350000.0,30,27,3,16,22,21,1,13
2023,2023/24,FR1,Ligue 1,244,Olympique Marseille,99600000.0,72100000.0,27500000.0,26,23,3,12,21,21,0,13
2023,2023/24,FR1,Ligue 1,273,Stade Rennais FC,84400000.0,146500000.0,-62100000.0,18,13,5,6,20,18,2,8
2023,2023/24,FR1,Ligue 1,162,AS Monaco,84100000.0,62000000.0,22100000.0,14,11,3,5,14,14,0,8
2023,2023/24,FR1,Ligue 1,826,RC Lens,64250000.0,69040000.0,-4790000.0,16,15,1,7,12,12,0,9
2023,2023/24,FR1,Ligue 1,667,RC Strasbourg Alsace,60700000.0,43000000.0,17700000.0,15,13,2,7,13,11,2,7
2023,2023/24,FR1,Ligue 1,1041,Olympique Lyon,59180000.0,104710000.0,-45530000.0,27,23,4,14,28,27,1,19
2023,2023/24,FR1,Ligue 1,1421,Stade Reims,53850000.0,74550000.0,-20700000.0,21,17,4,9,25,21,4,8
2023,2023/24,FR1,Ligue 1,417,OGC Nice,52500000.0,17350000.0,35150000.0,19,17,2,13,22,22,0,16
2023,2023/24,FR1,Ligue 1,1082,LOSC Lille,39450000.0,44600000.0,-5150000.0,16,14,2,6,11,11,0,8
2023,2023/24,FR1,Ligue 1,1158,FC Lorient,27900000.0,58200000.0,-30300000.0,25,24,1,18,21,20,1,15
2023,2023/24,FR1,Ligue 1,995,FC Nantes,27550000.0,37800000.0,-10250000.0,23,19,4,13,18,18,0,12
2023,2023/24,FR1,Ligue 1,415,FC Toulouse,18250000.0,10700000.0,7550000.0,22,18,4,11,16,16,0,14
2023,2023/24,FR1,Ligue 1,969,Montpellier HSC,9150000.0,37750000.0,-28600000.0,12,10,2,6,11,10,1,7
2023,2023/24,FR1,Ligue 1,3524,Clermont Foot 63,6600000.0,16300000.0,-9700000.0,12,10,2,7,8,7,1,5
2023,2023/24,FR1,Ligue 1,347,FC Metz,6300000.0,29500000.0,-23200000.0,22,15,7,10,15,14,1,9
2023,2023/24,FR1,Ligue 1,3911,Stade Brestois 29,3500000.0,8600000.0,-5100000.0,16,14,2,12,16,15,1,13
2023,2023/24,FR1,Ligue 1,738,Le Havre AC,2900000.0,0.0,2900000.0,16,13,3,10,12,9,3,9
2023,2023/24,GB1,Premier League,631,Chelsea FC,464100000.0,264600000.0,199500000.0,32,27,5,16,30,30,0,21
2023,2023/24,GB1,Premier League,148,Tottenham Hotspur,275100000.0,116100000.0,159000000.0,25,24,1,15,18,18,0,15
2023,2023/24,GB1,Premier League,281,Manchester City,259600000.0,131800000.0,127800000.0,20,16,4,11,21,21,0,16
2023,2023/24,GB1,Premier League,11,Arsenal FC,231600000.0,66350000.0,165250000.0,10,10,0,7,17,17,0,11
2023,2023/24,GB1,Premier League,985,Manchester United,202700000.0,60770000.0,141930000.0,19,16,3,12,21,18,3,12
2023,2023/24,GB1,Premier League,31,Liverpool FC,172000000.0,60700000.0,111300000.0,16,13,3,9,14,14,0,12
2023,2023/24,GB1,Premier League,762,Newcastle United,150000000.0,44600000.0,105400000.0,15,13,2,9,14,13,1,10
2023,2023/24,GB1,Premier League,379,West Ham United,137550000.0,166360000.0,-28810000.0,12,11,1,6,12,12,0,6
2023,2023/24,GB1,Premier League,989,AFC Bournemouth,129890000.0,0.0,129890000.0,22,22,0,15,17,17,0,17
2023,2023/24,GB1,Premier League,703,Nottingham Forest,129480000.0,70200000.0,59280000.0,37,37,0,27,38,34,4,28
2023,2023/24,GB1,Premier League,1132,Burnley FC,111050000.0,0.0,111050000.0,31,31,0,21,21,19,2,19
2023,2023/24,GB1,Premier League,1237,Brighton & Hove Albion,106850000.0,185650000.0,-78800000.0,26,21,5,16,19,19,0,14
2023,2023/24,GB1,Premier League,405,Aston Villa,106500000.0,32550000.0,73950000.0,18,15,3,10,15,15,0,11
2023,2023/24,GB1,Premier League,543,Wolverhampton Wanderers,94000000.0,166300000.0,-72300000.0,28,26,2,21,30,30,0,23
2023,2023/24,GB1,Premier League,1148,Brentford FC,72350000.0,6750000.0,65600000.0,16,14,2,9,14,14,0,11
2023,2023/24,GB1,Premier League,931,Fulham FC,68470000.0,52600000.0,15870000.0,13,12,1,7,9,9,0,8
2023,2023/24,GB1,Premier League,873,Crystal Palace,67800000.0,0.0,67800000.0,9,8,1,3,6,6,0,6
2023,2023/24,GB1,Premier League,350,Sheffield United,66950000.0,30900000.0,36050000.0,19,16,3,9,12,12,0,10
2023,2023/24,GB1,Premier League,29,Everton FC,37500000.0,75800000.0,-38300000.0,9,8,1,6,14,12,2,7
2023,2023/24,GB1,Premier League,1031,Luton Town,25900000.0,0.0,25900000.0,28,25,3,17,15,15,0,15
2023,2023/24,IT1,Serie A,5,AC Milan,131180000.0,68650000.0,62530000.0,29,27,2,18,21,21,0,17
2023,2023/24,IT1,Serie A,6195,SSC Napoli,117000000.0,101200000.0,15800000.0,19,19,0,11,18,18,0,13
2023,2023/24,IT1,Serie A,1025,Bologna Football Club 1909,95490000.0,25500000.0,69990000.0,24,23,1,13,22,21,1,17
2023,2023/24,IT1,Serie A,506,Juventus FC,91300000.0,63580000.0,27720000.0,19,16,3,11,22,22,0,18
2023,2023/24,IT1,Serie A,800,Atalanta BC,75860000.0,162100000.0,-86240000.0,20,20,0,16,24,20,4,11
2023,2023/24,IT1,Serie A,46,Inter Milan,73500000.0,125190000.0,-51690000.0,32,31,1,25,36,36,0,25
2023,2023/24,IT1,Serie A,6574,US Sassuolo,62300000.0,103320000.0,-41020000.0,34,31,3,22,31,31,0,23
2023,2023/24,IT1,Serie A,430,ACF Fiorentina,49100000.0,57580000.0,-8480000.0,24,19,5,14,25,24,1,15
2023,2023/24,IT1,Serie A,252,Genoa CFC,45500000.0,36610000.0,8890000.0,38,37,1,27,31,31,0,26
2023,2023/24,IT1,Serie A,2919,AC Monza,44800000.0,0.0,44800000.0,27,25,2,18,20,18,2,18
2023,2023/24,IT1,Serie A,416,Torino FC,44750000.0,18550000.0,26200000.0,25,23,2,16,23,22,1,17
2023,2023/24,IT1,Serie A,398,Società Sportiva Lazio S.p.A.,44080000.0,46500000.0,-2420000.0,20,19,1,14,15,15,0,12
2023,2023/24,IT1,Serie A,410,Udinese Calcio,35450000.0,33310000.0,2140000.0,29,25,4,17,22,20,2,18
2023,2023/24,IT1,Serie A,380,US Salernitana 1919,28050000.0,3000000.0,25050000.0,34,31,3,23,22,22,0,21
2023,2023/24,IT1,Serie A,1005,US Lecce,27270000.0,24850000.0,2420000.0,26,23,3,11,19,19,0,12
2023,2023/24,IT1,Serie A,1390,Cagliari Calcio,25340000.0,18580000.0,6760000.0,22,21,1,12,19,19,0,13
2023,2023/24,IT1,Serie A,12,Associazione Sportiva Roma,17150000.0,78230000.0,-61080000.0,16,16,0,14,24,24,0,13
2023,2023/24,IT1,Serie A,276,Hellas Verona,13700000.0,101360000.0,-87660000.0,33,32,1,23,36,35,1,21
2023,2023/24,IT1,Serie A,8970,Frosinone Calcio,11760000.0,6500000.0,5260000.0,35,31,4,22,25,23,2,22
2023,2023/24,IT1,Serie A,749,FC Empoli,11400000.0,62700000.0,-51300000.0,30,30,0,23,26,25,1,19
2024,2024/25,L1,Bundesliga,27,Bayern Munich,149000000.0,72000000.0,77000000.0,20,17,3,11,16,14,2,11
2024,2024/25,L1,Bundesliga,23826,RB Leipzig,116500000.0,67900000.0,48600000.0,20,18,2,11,14,13,1,10
2024,2024/25,L1,Bundesliga,79,VfB Stuttgart,92400000.0,77920000.0,14480000.0,25,23,2,12,21,16,5,11
2024,2024/25,L1,Bundesliga,24,Eintracht Frankfurt,91850000.0,125150000.0,-33300000.0,20,20,0,13,23,17,6,11
2024,2024/25,L1,Bundesliga,16,Borussia Dortmund,81000000.0,58600000.0,22400000.0,18,13,5,8,16,15,1,11
2024,2024/25,L1,Bundesliga,533,TSG 1899 Hoffenheim,79500000.0,31200000.0,48300000.0,26,21,5,12,19,16,3,13
2024,2024/25,L1,Bundesliga,15,Bayer 04 Leverkusen,53000000.0,26150000.0,26850000.0,13,10,3,7,14,13,1,9
2024,2024/25,L1,Bundesliga,82,VfL Wolfsburg,40750000.0,23500000.0,17250000.0,19,17,2,13,20,19,1,16
2024,2024/25,L1,Bundesliga,60,SC Freiburg,18800000.0,11500000.0,7300000.0,8,6,2,2,6,6,0,3
2024,2024/25,L1,Bundesliga,89,1.FC Union Berlin,16800000.0,25350000.0,-8550000.0,17,16,1,10,18,18,0,11
2024,2024/25,L1,Bundesliga,167,FC Augsburg,14900000.0,42650000.0,-27750000.0,23,21,2,16,21,18,3,12
2024,2024/25,L1,Bundesliga,39,1.FSV Mainz 05,9150000.0,32000000.0,-22850000.0,14,14,0,9,13,12,1,10
2024,2024/25,L1,Bundesliga,2036,1. Fußballclub Heidenheim 1846,8050000.0,15500000.0,-7450000.0,13,12,1,7,12,11,1,8
2024,2024/25,L1,Bundesliga,18,Borussia Mönchengladbach,8000000.0,18000000.0,-10000000.0,8,6,2,4,6,3,3,2
2024,2024/25,L1,Bundesliga,269,Holstein Kiel,7200000.0,1000000.0,6200000.0,9,8,1,3,5,5,0,4
2024,2024/25,L1,Bundesliga,86,SV Werder Bremen,6825000.0,5000000.0,1825000.0,10,10,0,7,11,9,2,8
2024,2024/25,L1,Bundesliga,35,FC St. Pauli,1150000.0,1500000.0,-350000.0,9,7,2,4,5,5,0,4
2024,2024/25,L1,Bundesliga,80,VfL Bochum,400000.0,4800000.0,-4400000.0,18,17,1,16,18,14,4,13
2024,2024/25,ES1,La Liga,13,Atlético de Madrid,183500000.0,111725000.0,71775000.0,11,11,0,7,21,16,5,10
2024,2024/25,ES1,La Liga,1050,Villarreal CF,68000000.0,74500000.0,-6500000.0,25,18,7,12,23,21,2,15
2024,2024/25,ES1,La Liga,131,FC Barcelona,66500000.0,60800000.0,5700000.0,13,7,6,5,14,14,0,9
2024,2024/25,ES1,La Liga,12321,Girona FC,49500000.0,70400000.0,-20900000.0,20,17,3,11,20,19,1,13
2024,2024/25,ES1,La Liga,418,Real Madrid,49000000.0,16000000.0,33000000.0,9,6,3,4,8,7,1,4
2024,2024/25,ES1,La Liga,681,Real Sociedad,45200000.0,69850000.0,-24650000.0,15,10,5,6,13,13,0,8
2024,2024/25,ES1,La Liga,150,Real Betis Balompié,40050000.0,55700000.0,-15650000.0,21,17,4,10,21,19,2,10
2024,2024/25,ES1,La Liga,368,Sevilla FC,20000000.0,32250000.0,-12250000.0,15,13,2,9,22,19,3,15
2024,2024/25,ES1,La Liga,621,Athletic Bilbao,18000000.0,8900000.0,9100000.0,16,10,6,8,14,12,2,8
2024,2024/25,ES1,La Liga,366,Real Valladolid CF,16675000.0,18600000.0,-1925000.0,21,20,1,11,19,18,1,13
2024,2024/25,ES1,La Liga,940,Celta de Vigo,11200000.0,17500000.0,-6300000.0,21,14,7,12,19,19,0,17
2024,2024/25,ES1,La Liga,1108,Deportivo Alavés,10000000.0,16700000.0,-6700000.0,24,18,6,13,19,19,0,14
2024,2024/25,ES1,La Liga,3709,Getafe CF,9200000.0,30800000.0,-21600000.0,16,13,3,7,15,15,0,11
2024,2024/25,ES1,La Liga,331,CA Osasuna,7800000.0,200000.0,7600000.0,4,4,0,2,4,4,0,3
2024,2024/25,ES1,La Liga,472,UD Las Palmas,4000000.0,8230000.0,-4230000.0,15,15,0,12,17,14,3,13
2024,2024/25,ES1,La Liga,1244,CD Leganés,3715000.0,4000000.0,-285000.0,14,14,0,11,8,7,1,6
2024,2024/25,ES1,La Liga,237,RCD Mallorca,2350000.0,14000000.0,-11650000.0,11,10,1,8,12,10,2,7
2024,2024/25,ES1,La Liga,1049,Valencia CF,1225000.0,30000000.0,-28775000.0,14,14,0,12,12,12,0,11
2024,2024/25,ES1,La Liga,367,Rayo Vallecano,0.0,0.0,0.0,5,5,0,5,7,7,0,7
2024,2024/25,ES1,La Liga,714,RCD Espanyol Barcelona,0.0,1550000.0,-1550000.0,13,11,2,11,13,12,1,10
2024,2024/25,FR1,Ligue 1,583,Paris Saint-Germain,255920000.0,141500000.0,114420000.0,18,16,2,11,23,19,4,14
2024,2024/25,FR1,Ligue 1,273,Stade Rennais FC,151220000.0,176000000.0,-24780000.0,39,33,6,16,28,28,0,18
2024,2024/25,FR1,Ligue 1,1041,Olympique Lyon,144290000.0,62750000.0,81540000.0,24,24,0,14,22,21,1,15
2024,2024/25,FR1,Ligue 1,244,Olympique Marseille,106000000.0,100600000.0,5400000.0,26,23,3,14,25,23,2,14
2024,2024/25,FR1,Ligue 1,162,AS Monaco,87750000.0,38600000.0,49150000.0,12,12,0,5,10,9,1,5
2024,2024/25,FR1,Ligue 1,667,RC Strasbourg Alsace,61900000.0,0.0,61900000.0,31,26,5,17,26,24,2,24
2024,2024/25,FR1,Ligue 1,1082,LOSC Lille,24500000.0,62000000.0,-37500000.0,22,17,5,14,17,13,4,12
2024,2024/25,FR1,Ligue 1,618,AS Saint-Étienne,23100000.0,15000000.0,8100000.0,15,11,4,6,9,7,2,6
2024,2024/25,FR1,Ligue 1,417,OGC Nice,20700000.0,24000000.0,-3300000.0,17,15,2,10,14,13,1,10
2024,2024/25,FR1,Ligue 1,826,RC Lens,20300000.0,94940000.0,-74640000.0,26,22,4,14,23,21,2,14
2024,2024/25,FR1,Ligue 1,1421,Stade Reims,13850000.0,53000000.0,-39150000.0,17,12,5,7,19,18,1,10
2024,2024/25,FR1,Ligue 1,3911,Stade Brestois 29,10200000.0,1800000.0,8400000.0,16,14,2,11,13,12,1,11
2024,2024/25,FR1,Ligue 1,995,FC Nantes,10000000.0,7500000.0,2500000.0,16,12,4,11,15,14,1,12
2024,2024/25,FR1,Ligue 1,415,FC Toulouse,7500000.0,55500000.0,-48000000.0,15,11,4,9,19,14,5,9
2024,2024/25,FR1,Ligue 1,290,AJ Auxerre,4400000.0,4900000.0,-500000.0,13,11,2,8,9,9,0,6
2024,2024/25,FR1,Ligue 1,738,Le Havre AC,0.0,9750000.0,-9750000.0,19,14,5,14,17,15,2,9
2024,2024/25,FR1,Ligue 1,969,Montpellier HSC,0.0,27000000.0,-27000000.0,7,5,2,5,10,10,0,5
2024,2024/25,FR1,Ligue 1,1420,Angers SCO,0.0,474000.0,-474000.0,8,7,1,7,2,2,0,1
2024,2024/25,GB1,Premier League,631,Chelsea FC,276000000.0,218200000.0,57800000.0,34,30,4,19,31,31,0,23
2024,2024/25,GB1,Premier League,1237,Brighton & Hove Albion,254950000.0,50740000.0,204210000.0,27,26,1,16,24,22,2,16
2024,2024/25,GB1,Premier League,985,Manchester United,246300000.0,111300000.0,135000000.0,13,11,2,4,16,13,3,5
2024,2024/25,GB1,Premier League,281,Manchester City,243000000.0,136700000.0,106300000.0,17,16,1,10,13,13,0,8
2024,2024/25,GB1,Premier League,405,Aston Villa,208200000.0,257170000.0,-48970000.0,25,24,1,14,25,25,0,16
2024,2024/25,GB1,Premier League,148,Tottenham Hotspur,175350000.0,56300000.0,119050000.0,17,15,2,9,20,20,0,16
2024,2024/25,GB1,Premier League,677,Ipswich Town,148690000.0,710000.0,147980000.0,19,19,0,9,12,11,1,10
2024,2024/25,GB1,Premier League,379,West Ham United,144400000.0,46150000.0,98250000.0,15,14,1,9,15,14,1,9
2024,2024/25,GB1,Premier League,989,AFC Bournemouth,133770000.0,66090000.0,67680000.0,24,23,1,14,20,17,3,15
2024,2024/25,GB1,Premier League,180,Southampton FC,123050000.0,41590000.0,81460000.0,28,26,2,15,20,19,1,14
2024,2024/25,GB1,Premier League,543,Wolverhampton Wanderers,113900000.0,116200000.0,-2300000.0,19,19,0,11,18,17,1,12
2024,2024/25,GB1,Premier League,11,Arsenal FC,107600000.0,82900000.0,24700000.0,14,12,2,9,14,13,1,10
2024,2024/25,GB1,Premier League,703,Nottingham Forest,105500000.0,86700000.0,18800000.0,25,23,2,14,28,21,7,16
2024,2024/25,GB1,Premier League,873,Crystal Palace,91900000.0,100300000.0,-8400000.0,20,18,2,13,18,16,2,12
2024,2024/25,GB1,Premier League,931,Fulham FC,91550000.0,68800000.0,22750000.0,11,7,4,3,11,11,0,9
2024,2024/25,GB1,Premier League,1003,Leicester City,90050000.0,47250000.0,42800000.0,14,14,0,7,10,10,0,8
2024,2024/25,GB1,Premier League,1148,Brentford FC,85900000.0,74500000.0,11400000.0,16,14,2,10,18,16,2,13
2024,2024/25,GB1,Premier League,762,Newcastle United,68200000.0,85750000.0,-17550000.0,9,9,0,6,13,9,4,6
2024,2024/25,GB1,Premier League,29,Everton FC,48200000.0,83650000.0,-35450000.0,12,11,1,8,14,12,2,9
2024,2024/25,GB1,Premier League,31,Liverpool FC,42000000.0,47000000.0,-5000000.0,11,8,3,6,12,10,2,8
2024,2024/25,IT1,Serie A,506,Juventus FC,164300000.0,117400000.0,46900000.0,25,22,3,16,28,24,4,16
2024,2024/25,IT1,Serie A,6195,SSC Napoli,152950000.0,87370000.0,65580000.0,29,26,3,19,21,21,0,19
2024,2024/25,IT1,Serie A,12,Associazione Sportiva Roma,141750000.0,25150000.0,116600000.0,31,24,7,13,20,20,0,15
2024,2024/25,IT1,Serie A,5,AC Milan,133150000.0,39510000.0,93640000.0,26,24,2,17,31,25,6,20
2024,2024/25,IT1,Serie A,800,Atalanta BC,105400000.0,114350000.0,-8950000.0,22,21,1,15,24,23,1,14
2024,2024/25,IT1,Serie A,1047,Como 1907,98670000.0,2855000.0,95815000.0,45,43,2,25,28,26,2,24
2024,2024/25,IT1,Serie A,46,Inter Milan,77950000.0,13900000.0,64050000.0,27,24,3,19,25,24,1,21
2024,2024/25,IT1,Serie A,398,Società Sportiva Lazio S.p.A.,55470000.0,23100000.0,32370000.0,20,19,1,13,22,21,1,17
2024,2024/25,IT1,Serie A,1025,Bologna Football Club 1909,54830000.0,100900000.0,-46070000.0,23,23,0,15,18,17,1,13
2024,2024/25,IT1,Serie A,430,ACF Fiorentina,51200000.0,22600000.0,28600000.0,34,31,3,25,34,31,3,27
2024,2024/25,IT1,Serie A,130,Parma Calcio 1913,46220000.0,5600000.0,40620000.0,16,16,0,7,13,12,1,8
2024,2024/25,IT1,Serie A,416,Torino FC,40130000.0,65150000.0,-25020000.0,25,20,5,14,18,16,2,11
2024,2024/25,IT1,Serie A,252,Genoa CFC,32650000.0,43150000.0,-10500000.0,33,28,5,21,30,27,3,22
2024,2024/25,IT1,Serie A,410,Udinese Calcio,23950000.0,20500000.0,3450000.0,24,21,3,14,19,15,4,11
2024,2024/25,IT1,Serie A,276,Hellas Verona,18200000.0,44380000.0,-26180000.0,40,36,4,25,29,26,3,20
2024,2024/25,IT1,Serie A,1005,US Lecce,12700000.0,61280000.0,-48580000.0,25,22,3,13,20,18,2,12
2024,2024/25,IT1,Serie A,2919,AC Monza,12675000.0,42950000.0,-30275000.0,22,19,3,14,22,19,3,14
2024,2024/25,IT1,Serie A,607,Venezia FC,12500000.0,10500000.0,2000000.0,20,19,1,14,18,18,0,14
2024,2024/25,IT1,Serie A,1390,Cagliari Calcio,11260000.0,18790000.0,-7530000.0,16,15,1,11,20,16,4,10
2024,2024/25,IT1,Serie A,749,FC Empoli,0.0,10600000.0,-10600000.0,21,16,5,16,23,20,3,16
2025,2025/26,L1,Bundesliga,15,Bayer 04 Leverkusen,198350000.0,228800000.0,-30450000.0,32,29,3,15,21,21,0,13
2025,2025/26,L1,Bundesliga,23826,RB Leipzig,158500000.0,189000000.0,-30500000.0,25,21,4,10,22,22,0,13
2025,2025/26,L1,Bundesliga,16,Borussia Dortmund,99700000.0,74500000.0,25200000.0,12,11,1,5,13,13,0,8
2025,2025/26,L1,Bundesliga,24,Eintracht Frankfurt,73300000.0,126200000.0,-52900000.0,19,17,2,9,15,15,0,9
2025,2025/26,L1,Bundesliga,27,Bayern Munich,72300000.0,88700000.0,-16400000.0,19,17,2,14,22,22,0,16
2025,2025/26,L1,Bundesliga,82,VfL Wolfsburg,62150000.0,36000000.0,26150000.0,23,20,3,12,19,19,0,14
2025,2025/26,L1,Bundesliga,79,VfB Stuttgart,56500000.0,115550000.0,-59050000.0,15,13,2,6,15,14,1,7
2025,2025/26,L1,Bundesliga,60,SC Freiburg,32700000.0,28700000.0,4000000.0,10,10,0,5,9,8,1,4
2025,2025/26,L1,Bundesliga,533,TSG 1899 Hoffenheim,28350000.0,25050000.0,3300000.0,28,24,4,17,26,25,1,19
2025,2025/26,L1,Bundesliga,167,FC Augsburg,26450000.0,18500000.0,7950000.0,24,22,2,15,22,21,1,16
2025,2025/26,L1,Bundesliga,3,1.FC Köln,23700000.0,12000000.0,11700000.0,21,18,3,11,16,14,2,12
2025,2025/26,L1,Bundesliga,39,1.FSV Mainz 05,18150000.0,23600000.0,-5450000.0,18,15,3,10,13,13,0,10
2025,2025/26,L1,Bundesliga,89,1.FC Union Berlin,18000000.0,18300000.0,-300000.0,14,12,2,6,13,11,2,7
2025,2025/26,L1,Bundesliga,18,Borussia Mönchengladbach,16500000.0,27200000.0,-10700000.0,18,16,2,13,19,19,0,12
2025,2025/26,L1,Bundesliga,35,FC St. Pauli,14100000.0,10050000.0,4050000.0,16,14,2,7,12,9,3,6
2025,2025/26,L1,Bundesliga,41,Hamburger SV,13400000.0,6820000.0,6580000.0,20,19,1,12,19,19,0,13
2025,2025/26,L1,Bundesliga,86,SV Werder Bremen,10000000.0,8000000.0,2000000.0,15,10,5,9,17,16,1,14
2025,2025/26,L1,Bundesliga,2036,1. Fußballclub Heidenheim 1846,1500000.0,9000000.0,-7500000.0,13,9,4,8,13,11,2,10
2025,2025/26,ES1,La Liga,13,Atlético de Madrid,229000000.0,145500000.0,83500000.0,18,18,0,6,18,18,0,9
2025,2025/26,ES1,La Liga,418,Real Madrid,167500000.0,2000000.0,165500000.0,8,6,2,2,6,6,0,5
2025,2025/26,ES1,La Liga,1050,Villarreal CF,104500000.0,107500000.0,-3000000.0,19,18,1,10,18,16,2,11
2025,2025/26,ES1,La Liga,150,Real Betis Balompié,58000000.0,57125000.0,875000.0,16,12,4,6,12,12,0,5
2025,2025/26,ES1,La Liga,131,FC Barcelona,27500000.0,31200000.0,-3700000.0,9,8,1,6,13,12,1,8
2025,2025/26,ES1,La Liga,12321,Girona FC,27150000.0,33500000.0,-6350000.0,26,21,5,17,21,21,0,17
2025,2025/26,ES1,La Liga,621,Athletic Bilbao,22000000.0,0.0,22000000.0,9,7,2,5,5,4,1,4
2025,2025/26,ES1,La Liga,681,Real Sociedad,21000000.0,85000000.0,-64000000.0,9,8,1,5,12,12,0,7
2025,2025/26,ES1,La Liga,1049,Valencia CF,14600000.0,25900000.0,-11300000.0,14,12,2,8,12,11,1,7
2025,2025/26,ES1,La Liga,940,Celta de Vigo,14000000.0,56700000.0,-42700000.0,18,14,4,10,12,11,1,5
2025,2025/26,ES1,La Liga,714,RCD Espanyol Barcelona,13200000.0,25000000.0,-11800000.0,16,15,1,12,12,12,0,11
2025,2025/26,ES1,La Liga,1108,Deportivo Alavés,11120000.0,24000000.0,-12880000.0,23,20,3,15,17,17,0,14
2025,2025/26,ES1,La Liga,331,CA Osasuna,10500000.0,12000000.0,-1500000.0,8,6,2,3,6,6,0,5
2025,2025/26,ES1,La Liga,1531,Elche CF,8600000.0,31500000.0,-22900000.0,20,20,0,14,17,16,1,11
2025,2025/26,ES1,La Liga,237,RCD Mallorca,8500000.0,9600000.0,-1100000.0,14,12,2,10,13,13,0,10
2025,2025/26,ES1,La Liga,367,Rayo Vallecano,7100000.0,0.0,7100000.0,13,12,1,9,9,9,0,9
2025,2025/26,ES1,La Liga,3368,Levante UD,4200000.0,5500000.0,-1300000.0,17,15,2,11,12,12,0,11
2025,2025/26,ES1,La Liga,2497,Real Oviedo,4000000.0,0.0,4000000.0,19,18,1,15,15,14,1,14
2025,2025/26,ES1,La Liga,3709,Getafe CF,1800000.0,12600000.0,-10800000.0,22,20,2,18,19,17,2,15
2025,2025/26,ES1,La Liga,368,Sevilla FC,0.0,55000000.0,-55000000.0,16,12,4,12,10,10,0,7
2025,2025/26,FR1,Ligue 1,667,RC Strasbourg Alsace,118500000.0,92200000.0,26300000.0,38,36,2,24,36,33,3,25
2025,2025/26,FR1,Ligue 1,583,Paris Saint-Germain,111200000.0,64000000.0,47200000.0,14,11,3,8,15,13,2,7
2025,2025/26,FR1,Ligue 1,244,Olympique Marseille,98950000.0,127500000.0,-28550000.0,27,26,1,17,33,31,2,18
2025,2025/26,FR1,Ligue 1,273,Stade Rennais FC,84500000.0,135900000.0,-51400000.0,24,21,3,13,33,31,2,16
2025,2025/26,FR1,Ligue 1,10004,Paris FC,72300000.0,0.0,72300000.0,14,14,0,4,5,4,1,4
2025,2025/26,FR1,Ligue 1,826,RC Lens,54450000.0,98500000.0,-44050000.0,39,29,10,18,30,29,1,18
2025,2025/26,FR1,Ligue 1,1082,LOSC Lille,48000000.0,109600000.0,-61600000.0,21,19,2,10,18,17,1,11
2025,2025/26,FR1,Ligue 1,1041,Olympique Lyon,47780000.0,110942000.0,-63162000.0,28,21,7,13,26,26,0,15
2025,2025/26,FR1,Ligue 1,417,OGC Nice,33680000.0,104000000.0,-70320000.0,23,17,6,11,19,17,2,11
2025,2025/26,FR1,Ligue 1,415,FC Toulouse,13150000.0,42500000.0,-29350000.0,20,13,7,7,16,16,0,11
2025,2025/26,FR1,Ligue 1,162,AS Monaco,13000000.0,149570000.0,-136570000.0,14,9,5,7,15,15,0,6
2025,2025/26,FR1,Ligue 1,995,FC Nantes,6600000.0,39500000.0,-32900000.0,25,21,4,15,22,21,1,16
2025,2025/26,FR1,Ligue 1,3911,Stade Brestois 29,6100000.0,26300000.0,-20200000.0,13,10,3,7,13,12,1,8
2025,2025/26,FR1,Ligue 1,290,AJ Auxerre,5850000.0,20500000.0,-14650000.0,15,13,2,10,12,12,0,9
2025,2025/26,FR1,Ligue 1,347,FC Metz,5750000.0,26600000.0,-20850000.0,24,14,10,11,18,17,1,11
2025,2025/26,FR1,Ligue 1,1158,FC Lorient,2200000.0,2800000.0,-600000.0,9,9,0,7,9,9,0,8
2025,2025/26,FR1,Ligue 1,738,Le Havre AC,0.0,1000000.0,-1000000.0,22,16,6,16,18,11,7,10
2025,2025/26,FR1,Ligue 1,1420,Angers SCO,0.0,16250000.0,-16250000.0,13,7,6,7,11,10,1,8
2025,2025/26,GB1,Premier League,31,Liverpool FC,481350000.0,216000000.0,265350000.0,14,11,3,5,11,11,0,4
2025,2025/26,GB1,Premier League,631,Chelsea FC,336850000.0,318450000.0,18400000.0,24,23,1,14,29,28,1,15
2025,2025/26,GB1,Premier League,281,Manchester City,301800000.0,106280000.0,195520000.0,20,19,1,10,20,19,1,12
2025,2025/26,GB1,Premier League,11,Arsenal FC,294600000.0,10380000.0,284220000.0,15,14,1,7,15,14,1,10
2025,2025/26,GB1,Premier League,762,Newcastle United,274250000.0,176000000.0,98250000.0,13,11,2,6,14,12,2,9
2025,2025/26,GB1,Premier League,148,Tottenham Hotspur,260600000.0,81500000.0,179100000.0,21,21,0,13,18,16,2,12
2025,2025/26,GB1,Premier League,985,Manchester United,250700000.0,68200000.0,182500000.0,18,15,3,10,14,13,1,11
2025,2025/26,GB1,Premier League,703,Nottingham Forest,236980000.0,126400000.0,110580000.0,24,23,1,11,24,22,2,14
2025,2025/26,GB1,Premier League,289,Sunderland AFC,213440000.0,45000000.0,168440000.0,26,25,1,11,13,13,0,10
2025,2025/26,GB1,Premier League,379,West Ham United,198100000.0,145000000.0,53100000.0,25,20,5,12,23,21,2,15
2025,2025/26,GB1,Premier League,989,AFC Bournemouth,177100000.0,307450000.0,-130350000.0,21,20,1,12,22,22,0,13
2025,2025/26,GB1,Premier League,873,Crystal Palace,145000000.0,97150000.0,47850000.0,17,15,2,10,18,17,1,13
2025,2025/26,GB1,Premier League,1132,Burnley FC,129500000.0,34200000.0,95300000.0,24,23,1,12,19,18,1,16
2025,2025/26,GB1,Premier League,29,Everton FC,127750000.0,12600000.0,115150000.0,13,11,2,5,14,13,1,11
2025,2025/26,GB1,Premier League,543,Wolverhampton Wanderers,125600000.0,230200000.0,-104600000.0,19,18,1,11,25,22,3,15
2025,2025/26,GB1,Premier League,399,Leeds United,113700000.0,6000000.0,107700000.0,17,17,0,9,10,10,0,9
2025,2025/26,GB1,Premier League,1148,Brentford FC,108700000.0,158760000.0,-50060000.0,18,15,3,9,16,14,2,9
2025,2025/26,GB1,Premier League,1237,Brighton & Hove Albion,80000000.0,136850000.0,-56850000.0,27,25,2,20,29,29,0,19
2025,2025/26,GB1,Premier League,931,Fulham FC,71700000.0,19300000.0,52400000.0,9,9,0,6,11,10,1,7
2025,2025/26,GB1,Premier League,405,Aston Villa,68500000.0,45150000.0,23350000.0,21,20,1,15,18,17,1,16
2025,2025/26,IT1,Serie A,5,AC Milan,157000000.0,168500000.0,-11500000.0,25,23,2,15,25,25,0,16
2025,2025/26,IT1,Serie A,800,Atalanta BC,144700000.0,133050000.0,11650000.0,19,18,1,9,18,18,0,12
2025,2025/26,IT1,Serie A,506,Juventus FC,133400000.0,80100000.0,53300000.0,19,19,0,12,19,19,0,11
2025,2025/26,IT1,Serie A,1047,Como 1907,123440000.0,10500000.0,112940000.0,36,36,0,23,33,27,6,25
2025,2025/26,IT1,Serie A,6195,SSC Napoli,112000000.0,120400000.0,-8400000.0,32,32,0,25,31,31,0,26
2025,2025/26,IT1,Serie A,430,ACF Fiorentina,89885000.0,61860000.0,28025000.0,34,31,3,23,29,27,2,21
2025,2025/26,IT1,Serie A,46,Inter Milan,88400000.0,44250000.0,44150000.0,14,14,0,9,19,19,0,13
2025,2025/26,IT1,Serie A,12,Associazione Sportiva Roma,77100000.0,59250000.0,17850000.0,22,22,0,18,24,23,1,17
2025,2025/26,IT1,Serie A,398,Società Sportiva Lazio S.p.A.,69860000.0,81900000.0,-12040000.0,18,18,0,9,17,15,2,9
2025,2025/26,IT1,Serie A,1025,Bologna Football Club 1909,56500000.0,84700000.0,-28200000.0,26,25,1,19,25,24,1,18
2025,2025/26,IT1,Serie A,130,Parma Calcio 1913,47320000.0,84550000.0,-37230000.0,18,17,1,10,25,21,4,12
2025,2025/26,IT1,Serie A,1390,Cagliari Calcio,39800000.0,42900000.0,-3100000.0,31,26,5,18,28,25,3,17
2025,2025/26,IT1,Serie A,410,Udinese Calcio,35700000.0,84850000.0,-49150000.0,30,29,1,20,29,27,2,21
2025,2025/26,IT1,Serie A,6574,US Sassuolo,34600000.0,4550000.0,30050000.0,20,20,0,15,17,17,0,14
2025,2025/26,IT1,Serie A,276,Hellas Verona,26450000.0,27000000.0,-550000.0,36,33,3,24,29,25,4,21
2025,2025/26,IT1,Serie A,4172,Pisa Sporting Club,26400000.0,0.0,26400000.0,18,17,1,11,14,14,0,14
2025,2025/26,IT1,Serie A,1005,US Lecce,20055000.0,29200000.0,-9145000.0,19,19,0,10,19,15,4,12
2025,2025/26,IT1,Serie A,2239,US Cremonese,19700000.0,1600000.0,18100000.0,22,22,0,14,16,14,2,12
2025,2025/26,IT1,Serie A,416,Torino FC,15860000.0,26600000.0,-10740000.0,21,20,1,16,22,19,3,15
2025,2025/26,IT1,Serie A,252,Genoa CFC,7700000.0,56000000.0,-48300000.0,21,20,1,18,27,25,2,20
