season,season_label,competition_id,league_name,club_id,club_name,matches_played,wins,draws,losses,goals_for,goals_against,goal_difference,points,points_per_game,win_rate,final_position
2016,2016/17,L1,Bundesliga,27,Bayern Munich,34,25,7,2,89,22,67,82,2.4118,0.7353,1
2016,2016/17,L1,Bundesliga,23826,RB Leipzig,34,20,7,7,66,39,27,67,1.9706,0.5882,2
2016,2016/17,L1,Bundesliga,16,Borussia Dortmund,34,18,10,6,72,40,32,64,1.8824,0.5294,3
2016,2016/17,L1,Bundesliga,533,TSG 1899 Hoffenheim,34,16,14,4,64,37,27,62,1.8235,0.4706,4
2016,2016/17,L1,Bundesliga,3,1.FC Köln,34,12,13,9,51,42,9,49,1.4412,0.3529,5
2016,2016/17,L1,Bundesliga,44,Hertha BSC,34,15,4,15,43,47,-4,49,1.4412,0.4412,6
2016,2016/17,L1,Bundesliga,60,SC Freiburg,34,14,6,14,42,60,-18,48,1.4118,0.4118,7
2016,2016/17,L1,Bundesliga,86,SV Werder Bremen,34,13,6,15,61,64,-3,45,1.3235,0.3824,8
2016,2016/17,L1,Bundesliga,18,Borussia Mönchengladbach,34,12,9,13,45,49,-4,45,1.3235,0.3529,9
2016,2016/17,L1,Bundesliga,33,FC Schalke 04,34,11,10,13,45,40,5,43,1.2647,0.3235,10
2016,2016/17,L1,Bundesliga,24,Eintracht Frankfurt,34,11,9,14,36,43,-7,42,1.2353,0.3235,11
2016,2016/17,L1,Bundesliga,15,Bayer 04 Leverkusen,34,11,8,15,53,55,-2,41,1.2059,0.3235,12
2016,2016/17,L1,Bundesliga,167,FC Augsburg,34,9,11,14,35,51,-16,38,1.1176,0.2647,13
2016,2016/17,L1,Bundesliga,41,Hamburger SV,34,10,8,16,33,61,-28,38,1.1176,0.2941,14
2016,2016/17,L1,Bundesliga,39,1.FSV Mainz 05,34,10,7,17,44,55,-11,37,1.0882,0.2941,15
2016,2016/17,L1,Bundesliga,82,VfL Wolfsburg,34,10,7,17,34,52,-18,37,1.0882,0.2941,16
2016,2016/17,L1,Bundesliga,4795,FC Ingolstadt 04,34,8,8,18,36,57,-21,32,0.9412,0.2353,17
2016,2016/17,L1,Bundesliga,105,SV Darmstadt 98,34,7,4,23,28,63,-35,25,0.7353,0.2059,18
2016,2016/17,ES1,La Liga,418,Real Madrid,38,29,6,3,106,41,65,93,2.4474,0.7632,1
2016,2016/17,ES1,La Liga,131,FC Barcelona,38,28,6,4,116,37,79,90,2.3684,0.7368,2
2016,2016/17,ES1,La Liga,13,Atlético de Madrid,38,23,9,6,70,27,43,78,2.0526,0.6053,3
2016,2016/17,ES1,La Liga,368,Sevilla FC,38,21,9,8,69,49,20,72,1.8947,0.5526,4
2016,2016/17,ES1,La Liga,1050,Villarreal CF,38,19,10,9,56,33,23,67,1.7632,0.5,5
2016,2016/17,ES1,La Liga,681,Real Sociedad,38,19,7,12,59,53,6,64,1.6842,0.5,6
2016,2016/17,ES1,La Liga,621,Athletic Bilbao,38,19,6,13,53,43,10,63,1.6579,0.5,7
2016,2016/17,ES1,La Liga,714,RCD Espanyol Barcelona,38,15,11,12,49,50,-1,56,1.4737,0.3947,8
2016,2016/17,ES1,La Liga,1108,Deportivo Alavés,38,14,13,11,41,43,-2,55,1.4474,0.3684,9
2016,2016/17,ES1,La Liga,1533,SD Eibar,38,15,9,14,56,51,5,54,1.4211,0.3947,10
2016,2016/17,ES1,La Liga,1084,Málaga CF,38,12,10,16,49,55,-6,46,1.2105,0.3158,11
2016,2016/17,ES1,La Liga,1049,Valencia CF,38,13,7,18,56,65,-9,46,1.2105,0.3421,12
2016,2016/17,ES1,La Liga,940,Celta de Vigo,38,13,6,19,53,69,-16,45,1.1842,0.3421,13
2016,2016/17,ES1,La Liga,472,UD Las Palmas,38,10,9,19,53,74,-21,39,1.0263,0.2632,14
2016,2016/17,ES1,La Liga,150,Real Betis Balompié,38,10,9,19,41,64,-23,39,1.0263,0.2632,15
2016,2016/17,ES1,La Liga,897,Deportivo de La Coruña,38,8,12,18,43,61,-18,36,0.9474,0.2105,16
2016,2016/17,ES1,La Liga,1244,CD Leganés,38,8,11,19,36,55,-19,35,0.9211,0.2105,17
2016,2016/17,ES1,La Liga,2448,Sporting Gijón,38,7,10,21,42,72,-30,31,0.8158,0.1842,18
2016,2016/17,ES1,La Liga,331,CA Osasuna,38,4,10,24,40,94,-54,22,0.5789,0.1053,19
2016,2016/17,ES1,La Liga,16795,Granada CF,38,4,8,26,30,82,-52,20,0.5263,0.1053,20
2016,2016/17,FR1,Ligue 1,162,AS Monaco,38,30,5,3,107,31,76,95,2.5,0.7895,1
2016,2016/17,FR1,Ligue 1,583,Paris Saint-Germain,38,27,6,5,83,27,56,87,2.2895,0.7105,2
2016,2016/17,FR1,Ligue 1,417,OGC Nice,38,22,12,4,63,36,27,78,2.0526,0.5789,3
2016,2016/17,FR1,Ligue 1,1041,Olympique Lyon,38,20,5,13,77,48,29,65,1.7105,0.5263,4
2016,2016/17,FR1,Ligue 1,244,Olympique Marseille,38,17,11,10,57,41,16,62,1.6316,0.4474,5
2016,2016/17,FR1,Ligue 1,40,FC Girondins Bordeaux,38,15,14,9,53,43,10,59,1.5526,0.3947,6
2016,2016/17,FR1,Ligue 1,995,FC Nantes,38,14,9,15,40,54,-14,51,1.3421,0.3684,7
2016,2016/17,FR1,Ligue 1,618,AS Saint-Étienne,38,12,14,12,41,42,-1,50,1.3158,0.3158,8
2016,2016/17,FR1,Ligue 1,273,Stade Rennais FC,38,12,14,12,36,42,-6,50,1.3158,0.3158,9
2016,2016/17,FR1,Ligue 1,855,EA Guingamp,38,14,8,16,46,53,-7,50,1.3158,0.3684,10
2016,2016/17,FR1,Ligue 1,1082,LOSC Lille,38,13,7,18,40,47,-7,46,1.2105,0.3421,11
2016,2016/17,FR1,Ligue 1,1420,Angers SCO,38,13,7,18,40,49,-9,46,1.2105,0.3421,12
2016,2016/17,FR1,Ligue 1,415,FC Toulouse,38,10,14,14,37,41,-4,44,1.1579,0.2632,13
2016,2016/17,FR1,Ligue 1,347,FC Metz,38,11,10,17,39,72,-33,43,1.1316,0.2895,14
2016,2016/17,FR1,Ligue 1,969,Montpellier HSC,38,10,9,19,48,66,-18,39,1.0263,0.2632,15
2016,2016/17,FR1,Ligue 1,2969,Dijon FCO,38,8,13,17,46,58,-12,37,0.9737,0.2105,16
2016,2016/17,FR1,Ligue 1,1162,SM Caen,38,10,7,21,36,65,-29,37,0.9737,0.2632,17
2016,2016/17,FR1,Ligue 1,1158,FC Lorient,38,10,6,22,44,70,-26,36,0.9474,0.2632,18
2016,2016/17,FR1,Ligue 1,1159,AS Nancy-Lorraine,38,9,8,21,29,52,-23,35,0.9211,0.2368,19
2016,2016/17,FR1,Ligue 1,595,SC Bastia,38,8,11,19,29,54,-25,35,0.9211,0.2105,20
2016,2016/17,GB1,Premier League,631,Chelsea FC,38,30,3,5,85,33,52,93,2.4474,0.7895,1
2016,2016/17,GB1,Premier League,148,Tottenham Hotspur,38,26,8,4,86,26,60,86,2.2632,0.6842,2
2016,2016/17,GB1,Premier League,281,Manchester City,38,23,9,6,80,39,41,78,2.0526,0.6053,3
2016,2016/17,GB1,Premier League,31,Liverpool FC,38,22,10,6,78,42,36,76,2.0,0.5789,4
2016,2016/17,GB1,Premier League,11,Arsenal FC,38,23,6,9,77,44,33,75,1.9737,0.6053,5
2016,2016/17,GB1,Premier League,985,Manchester United,38,18,15,5,54,29,25,69,1.8158,0.4737,6
2016,2016/17,GB1,Premier League,29,Everton FC,38,17,10,11,62,44,18,61,1.6053,0.4474,7
2016,2016/17,GB1,Premier League,180,Southampton FC,38,12,10,16,41,48,-7,46,1.2105,0.3158,8
2016,2016/17,GB1,Premier League,989,AFC Bournemouth,38,12,10,16,55,67,-12,46,1.2105,0.3158,9
2016,2016/17,GB1,Premier League,984,West Bromwich Albion,38,12,9,17,43,51,-8,45,1.1842,0.3158,10
2016,2016/17,GB1,Premier League,379,West Ham United,38,12,9,17,47,64,-17,45,1.1842,0.3158,11
2016,2016/17,GB1,Premier League,1003,Leicester City,38,12,8,18,48,63,-15,44,1.1579,0.3158,12
2016,2016/17,GB1,Premier League,512,Stoke City,38,11,11,16,41,56,-15,44,1.1579,0.2895,13
2016,2016/17,GB1,Premier League,873,Crystal Palace,38,12,5,21,50,63,-13,41,1.0789,0.3158,14
2016,2016/17,GB1,Premier League,2288,Swansea City,38,12,5,21,45,70,-25,41,1.0789,0.3158,15
2016,2016/17,GB1,Premier League,1132,Burnley FC,38,11,7,20,39,55,-16,40,1.0526,0.2895,16
2016,2016/17,GB1,Premier League,1010,Watford FC,38,11,7,20,40,68,-28,40,1.0526,0.2895,17
2016,2016/17,GB1,Premier League,3008,Hull City,38,9,7,22,37,80,-43,34,0.8947,0.2368,18
2016,2016/17,GB1,Premier League,641,Middlesbrough FC,38,5,13,20,27,53,-26,28,0.7368,0.1316,19
2016,2016/17,GB1,Premier League,289,Sunderland AFC,38,6,6,26,29,69,-40,24,0.6316,0.1579,20
2016,2016/17,IT1,Serie A,506,Juventus FC,38,29,4,5,77,27,50,91,2.3947,0.7632,1
2016,2016/17,IT1,Serie A,12,Associazione Sportiva Roma,38,28,3,7,90,38,52,87,2.2895,0.7368,2
2016,2016/17,IT1,Serie A,6195,SSC Napoli,38,26,8,4,94,39,55,86,2.2632,0.6842,3
2016,2016/17,IT1,Serie A,800,Atalanta BC,38,21,9,8,62,41,21,72,1.8947,0.5526,4
2016,2016/17,IT1,Serie A,398,Società Sportiva Lazio S.p.A.,38,21,7,10,74,51,23,70,1.8421,0.5526,5
2016,2016/17,IT1,Serie A,5,AC Milan,38,18,9,11,57,45,12,63,1.6579,0.4737,6
2016,2016/17,IT1,Serie A,46,Inter Milan,38,19,5,14,72,49,23,62,1.6316,0.5,7
2016,2016/17,IT1,Serie A,430,ACF Fiorentina,38,16,12,10,63,57,6,60,1.5789,0.4211,8
2016,2016/17,IT1,Serie A,416,Torino FC,38,13,14,11,71,66,5,53,1.3947,0.3421,9
2016,2016/17,IT1,Serie A,1038,UC Sampdoria,38,12,12,14,49,55,-6,48,1.2632,0.3158,10
2016,2016/17,IT1,Serie A,1390,Cagliari Calcio,38,14,5,19,55,76,-21,47,1.2368,0.3684,11
2016,2016/17,IT1,Serie A,6574,US Sassuolo,38,13,7,18,58,63,-5,46,1.2105,0.3421,12
2016,2016/17,IT1,Serie A,410,Udinese Calcio,38,12,9,17,47,56,-9,45,1.1842,0.3158,13
2016,2016/17,IT1,Serie A,862,Chievo Verona,38,12,7,19,43,61,-18,43,1.1316,0.3158,14
2016,2016/17,IT1,Serie A,1025,Bologna Football Club 1909,38,11,8,19,40,58,-18,41,1.0789,0.2895,15
2016,2016/17,IT1,Serie A,252,Genoa CFC,38,9,9,20,38,64,-26,36,0.9474,0.2368,16
2016,2016/17,IT1,Serie A,4083,FC Crotone,38,9,7,22,34,58,-24,34,0.8947,0.2368,17
2016,2016/17,IT1,Serie A,749,FC Empoli,38,8,8,22,29,61,-32,32,0.8421,0.2105,18
2016,2016/17,IT1,Serie A,458,Palermo FC,38,6,8,24,33,77,-44,26,0.6842,0.1579,19
2016,2016/17,IT1,Serie A,2921,Delfino Pescara 1936,38,3,9,26,37,81,-44,18,0.4737,0.0789,20
2017,2017/18,L1,Bundesliga,27,Bayern Munich,34,27,3,4,92,28,64,84,2.4706,0.7941,1
2017,2017/18,L1,Bundesliga,33,FC Schalke 04,34,18,9,7,53,37,16,63,1.8529,0.5294,2
2017,2017/18,L1,Bundesliga,533,TSG 1899 Hoffenheim,34,15,10,9,66,48,18,55,1.6176,0.4412,3
2017,2017/18,L1,Bundesliga,16,Borussia Dortmund,34,15,10,9,64,47,17,55,1.6176,0.4412,4
2017,2017/18,L1,Bundesliga,15,Bayer 04 Leverkusen,34,15,10,9,58,44,14,55,1.6176,0.4412,5
2017,2017/18,L1,Bundesliga,23826,RB Leipzig,34,15,8,11,57,53,4,53,1.5588,0.4412,6
2017,2017/18,L1,Bundesliga,79,VfB Stuttgart,34,15,6,13,36,36,0,51,1.5,0.4412,7
2017,2017/18,L1,Bundesliga,24,Eintracht Frankfurt,34,14,7,13,45,45,0,49,1.4412,0.4118,8
2017,2017/18,L1,Bundesliga,18,Borussia Mönchengladbach,34,13,8,13,47,52,-5,47,1.3824,0.3824,9
2017,2017/18,L1,Bundesliga,44,Hertha BSC,34,10,13,11,43,46,-3,43,1.2647,0.2941,10
2017,2017/18,L1,Bundesliga,86,SV Werder Bremen,34,10,12,12,37,40,-3,42,1.2353,0.2941,11
2017,2017/18,L1,Bundesliga,167,FC Augsburg,34,10,11,13,43,46,-3,41,1.2059,0.2941,12
2017,2017/18,L1,Bundesliga,42,Hannover 96,34,10,9,15,44,54,-10,39,1.1471,0.2941,13
2017,2017/18,L1,Bundesliga,39,1.FSV Mainz 05,34,9,9,16,38,52,-14,36,1.0588,0.2647,14
2017,2017/18,L1,Bundesliga,60,SC Freiburg,34,8,12,14,32,56,-24,36,1.0588,0.2353,15
2017,2017/18,L1,Bundesliga,82,VfL Wolfsburg,34,6,15,13,36,48,-12,33,0.9706,0.1765,16
2017,2017/18,L1,Bundesliga,41,Hamburger SV,34,8,7,19,29,53,-24,31,0.9118,0.2353,17
2017,2017/18,L1,Bundesliga,3,1.FC Köln,34,5,7,22,35,70,-35,22,0.6471,0.1471,18
2017,2017/18,ES1,La Liga,131,FC Barcelona,38,28,9,1,99,29,70,93,2.4474,0.7368,1
2017,2017/18,ES1,La Liga,13,Atlético de Madrid,38,23,10,5,58,22,36,79,2.0789,0.6053,2
2017,2017/18,ES1,La Liga,418,Real Madrid,38,22,10,6,94,44,50,76,2.0,0.5789,3
2017,2017/18,ES1,La Liga,1049,Valencia CF,38,22,7,9,65,38,27,73,1.9211,0.5789,4
2017,2017/18,ES1,La Liga,1050,Villarreal CF,38,18,7,13,57,50,7,61,1.6053,0.4737,5
2017,2017/18,ES1,La Liga,150,Real Betis Balompié,38,18,6,14,60,61,-1,60,1.5789,0.4737,6
2017,2017/18,ES1,La Liga,368,Sevilla FC,38,17,7,14,49,58,-9,58,1.5263,0.4474,7
2017,2017/18,ES1,La Liga,3709,Getafe CF,38,15,10,13,42,33,9,55,1.4474,0.3947,8
2017,2017/18,ES1,La Liga,1533,SD Eibar,38,14,9,15,44,50,-6,51,1.3421,0.3684,9
2017,2017/18,ES1,La Liga,12321,Girona FC,38,14,9,15,50,59,-9,51,1.3421,0.3684,10
2017,2017/18,ES1,La Liga,714,RCD Espanyol Barcelona,38,12,13,13,36,42,-6,49,1.2895,0.3158,11
2017,2017/18,ES1,La Liga,681,Real Sociedad,38,14,7,17,66,59,7,49,1.2895,0.3684,12
2017,2017/18,ES1,La Liga,940,Celta de Vigo,38,13,10,15,59,60,-1,49,1.2895,0.3421,13
2017,2017/18,ES1,La Liga,1108,Deportivo Alavés,38,15,2,21,40,50,-10,47,1.2368,0.3947,14
2017,2017/18,ES1,La Liga,3368,Levante UD,38,11,13,14,44,58,-14,46,1.2105,0.2895,15
2017,2017/18,ES1,La Liga,621,Athletic Bilbao,38,10,13,15,41,49,-8,43,1.1316,0.2632,16
2017,2017/18,ES1,La Liga,1244,CD Leganés,38,12,7,19,34,51,-17,43,1.1316,0.3158,17
2017,2017/18,ES1,La Liga,897,Deportivo de La Coruña,38,6,11,21,38,76,-38,29,0.7632,0.1579,18
2017,2017/18,ES1,La Liga,472,UD Las Palmas,38,5,7,26,24,74,-50,22,0.5789,0.1316,19
2017,2017/18,ES1,La Liga,1084,Málaga CF,38,5,5,28,24,61,-37,20,0.5263,0.1316,20
2017,2017/18,FR1,Ligue 1,583,Paris Saint-Germain,38,29,6,3,108,29,79,93,2.4474,0.7632,1
2017,2017/18,FR1,Ligue 1,162,AS Monaco,38,24,8,6,85,45,40,80,2.1053,0.6316,2
2017,2017/18,FR1,Ligue 1,1041,Olympique Lyon,38,23,9,6,87,43,44,78,2.0526,0.6053,3
2017,2017/18,FR1,Ligue 1,244,Olympique Marseille,38,22,11,5,80,47,33,77,2.0263,0.5789,4
2017,2017/18,FR1,Ligue 1,273,Stade Rennais FC,38,16,10,12,50,44,6,58,1.5263,0.4211,5
2017,2017/18,FR1,Ligue 1,40,FC Girondins Bordeaux,38,16,7,15,53,48,5,55,1.4474,0.4211,6
2017,2017/18,FR1,Ligue 1,618,AS Saint-Étienne,38,15,10,13,47,50,-3,55,1.4474,0.3947,7
2017,2017/18,FR1,Ligue 1,417,OGC Nice,38,15,9,14,53,52,1,54,1.4211,0.3947,8
2017,2017/18,FR1,Ligue 1,995,FC Nantes,38,14,10,14,36,41,-5,52,1.3684,0.3684,9
2017,2017/18,FR1,Ligue 1,969,Montpellier HSC,38,11,18,9,36,33,3,51,1.3421,0.2895,10
2017,2017/18,FR1,Ligue 1,2969,Dijon FCO,38,13,9,16,55,73,-18,48,1.2632,0.3421,11
2017,2017/18,FR1,Ligue 1,855,EA Guingamp,38,12,11,15,48,59,-11,47,1.2368,0.3158,12
2017,2017/18,FR1,Ligue 1,1416,Amiens SC,38,12,9,17,37,42,-5,45,1.1842,0.3158,13
2017,2017/18,FR1,Ligue 1,1420,Angers SCO,38,9,14,15,42,52,-10,41,1.0789,0.2368,14
2017,2017/18,FR1,Ligue 1,667,RC Strasbourg Alsace,38,9,11,18,44,67,-23,38,1.0,0.2368,15
2017,2017/18,FR1,Ligue 1,1162,SM Caen,38,10,8,20,27,52,-25,38,1.0,0.2632,16
2017,2017/18,FR1,Ligue 1,1082,LOSC Lille,38,10,8,20,41,67,-26,38,1.0,0.2632,17
2017,2017/18,FR1,Ligue 1,415,FC Toulouse,38,9,10,19,38,54,-16,37,0.9737,0.2368,18
2017,2017/18,FR1,Ligue 1,1095,ESTAC Troyes,38,9,6,23,32,59,-27,33,0.8684,0.2368,19
2017,2017/18,FR1,Ligue 1,347,FC Metz,38,6,8,24,34,76,-42,26,0.6842,0.1579,20
2017,2017/18,GB1,Premier League,281,Manchester City,38,32,4,2,106,27,79,100,2.6316,0.8421,1
2017,2017/18,GB1,Premier League,985,Manchester United,38,25,6,7,68,28,40,81,2.1316,0.6579,2
2017,2017/18,GB1,Premier League,148,Tottenham Hotspur,38,23,8,7,74,36,38,77,2.0263,0.6053,3
2017,2017/18,GB1,Premier League,31,Liverpool FC,38,21,12,5,84,38,46,75,1.9737,0.5526,4
2017,2017/18,GB1,Premier League,631,Chelsea FC,38,21,7,10,62,38,24,70,1.8421,0.5526,5
2017,2017/18,GB1,Premier League,11,Arsenal FC,38,19,6,13,74,51,23,63,1.6579,0.5,6
2017,2017/18,GB1,Premier League,1132,Burnley FC,38,14,12,12,36,39,-3,54,1.4211,0.3684,7
2017,2017/18,GB1,Premier League,29,Everton FC,38,13,10,15,44,58,-14,49,1.2895,0.3421,8
2017,2017/18,GB1,Premier League,1003,Leicester City,38,12,11,15,56,60,-4,47,1.2368,0.3158,9
2017,2017/18,GB1,Premier League,762,Newcastle United,38,12,8,18,39,47,-8,44,1.1579,0.3158,10
2017,2017/18,GB1,Premier League,873,Crystal Palace,38,11,11,16,45,55,-10,44,1.1579,0.2895,11
2017,2017/18,GB1,Premier League,989,AFC Bournemouth,38,11,11,16,45,61,-16,44,1.1579,0.2895,12
2017,2017/18,GB1,Premier League,379,West Ham United,38,10,12,16,48,68,-20,42,1.1053,0.2632,13
2017,2017/18,GB1,Premier League,1010,Watford FC,38,11,8,19,44,64,-20,41,1.0789,0.2895,14
2017,2017/18,GB1,Premier League,1237,Brighton & Hove Albion,38,9,13,16,34,54,-20,40,1.0526,0.2368,15
2017,2017/18,GB1,Premier League,1110,Huddersfield Town,38,9,10,19,28,58,-30,37,0.9737,0.2368,16
2017,2017/18,GB1,Premier League,180,Southampton FC,38,7,15,16,37,56,-19,36,0.9474,0.1842,17
2017,2017/18,GB1,Premier League,2288,Swansea City,38,8,9,21,28,56,-28,33,0.8684,0.2105,18
2017,2017/18,GB1,Premier League,512,Stoke City,38,7,12,19,35,68,-33,33,0.8684,0.1842,19
2017,2017/18,GB1,Premier League,984,West Bromwich Albion,38,6,13,19,31,56,-25,31,0.8158,0.1579,20
2017,2017/18,IT1,Serie A,506,Juventus FC,38,30,5,3,86,24,62,95,2.5,0.7895,1
2017,2017/18,IT1,Serie A,6195,SSC Napoli,38,28,7,3,77,29,48,91,2.3947,0.7368,2
2017,2017/18,IT1,Serie A,12,Associazione Sportiva Roma,38,23,8,7,61,28,33,77,2.0263,0.6053,3
2017,2017/18,IT1,Serie A,46,Inter Milan,38,20,12,6,66,30,36,72,1.8947,0.5263,4
2017,2017/18,IT1,Serie A,398,Società Sportiva Lazio S.p.A.,38,21,9,8,89,49,40,72,1.8947,0.5526,5
2017,2017/18,IT1,Serie A,5,AC Milan,38,18,10,10,56,42,14,64,1.6842,0.4737,6
2017,2017/18,IT1,Serie A,800,Atalanta BC,38,16,12,10,57,39,18,60,1.5789,0.4211,7
2017,2017/18,IT1,Serie A,430,ACF Fiorentina,38,16,9,13,54,46,8,57,1.5,0.4211,8
2017,2017/18,IT1,Serie A,1038,UC Sampdoria,38,16,6,16,56,60,-4,54,1.4211,0.4211,9
2017,2017/18,IT1,Serie A,416,Torino FC,38,13,15,10,54,46,8,54,1.4211,0.3421,10
2017,2017/18,IT1,Serie A,6574,US Sassuolo,38,11,10,17,29,59,-30,43,1.1316,0.2895,11
2017,2017/18,IT1,Serie A,252,Genoa CFC,38,11,8,19,33,43,-10,41,1.0789,0.2895,12
2017,2017/18,IT1,Serie A,862,Chievo Verona,38,10,10,18,36,59,-23,40,1.0526,0.2632,13
2017,2017/18,IT1,Serie A,410,Udinese Calcio,38,12,4,22,48,63,-15,40,1.0526,0.3158,14
2017,2017/18,IT1,Serie A,1390,Cagliari Calcio,38,11,6,21,33,61,-28,39,1.0263,0.2895,15
2017,2017/18,IT1,Serie A,1025,Bologna Football Club 1909,38,11,6,21,40,52,-12,39,1.0263,0.2895,16
2017,2017/18,IT1,Serie A,2722,SPAL,38,8,14,16,39,59,-20,38,1.0,0.2105,17
2017,2017/18,IT1,Serie A,4083,FC Crotone,38,9,8,21,40,66,-26,35,0.9211,0.2368,18
2017,2017/18,IT1,Serie A,276,Hellas Verona,38,7,4,27,30,78,-48,25,0.6579,0.1842,19
2017,2017/18,IT1,Serie A,4171,Benevento Calcio,38,6,3,29,33,84,-51,21,0.5526,0.1579,20
2018,2018/19,L1,Bundesliga,27,Bayern Munich,34,24,6,4,88,32,56,78,2.2941,0.7059,1
2018,2018/19,L1,Bundesliga,16,Borussia Dortmund,34,23,7,4,81,44,37,76,2.2353,0.6765,2
2018,2018/19,L1,Bundesliga,23826,RB Leipzig,34,19,9,6,63,29,34,66,1.9412,0.5588,3
2018,2018/19,L1,Bundesliga,15,Bayer 04 Leverkusen,34,18,4,12,69,52,17,58,1.7059,0.5294,4
2018,2018/19,L1,Bundesliga,18,Borussia Mönchengladbach,34,16,7,11,55,42,13,55,1.6176,0.4706,5
2018,2018/19,L1,Bundesliga,82,VfL Wolfsburg,34,16,7,11,62,50,12,55,1.6176,0.4706,6
2018,2018/19,L1,Bundesliga,24,Eintracht Frankfurt,34,15,9,10,60,48,12,54,1.5882,0.4412,7
2018,2018/19,L1,Bundesliga,86,SV Werder Bremen,34,14,11,9,58,49,9,53,1.5588,0.4118,8
2018,2018/19,L1,Bundesliga,533,TSG 1899 Hoffenheim,34,13,12,9,70,52,18,51,1.5,0.3824,9
2018,2018/19,L1,Bundesliga,38,Fortuna Düsseldorf,34,13,5,16,49,65,-16,44,1.2941,0.3824,10
2018,2018/19,L1,Bundesliga,44,Hertha BSC,34,11,10,13,49,57,-8,43,1.2647,0.3235,11
2018,2018/19,L1,Bundesliga,39,1.FSV Mainz 05,34,12,7,15,46,57,-11,43,1.2647,0.3529,12
2018,2018/19,L1,Bundesliga,60,SC Freiburg,34,8,12,14,46,61,-15,36,1.0588,0.2353,13
2018,2018/19,L1,Bundesliga,33,FC Schalke 04,34,8,9,17,37,55,-18,33,0.9706,0.2353,14
2018,2018/19,L1,Bundesliga,167,FC Augsburg,34,8,8,18,51,71,-20,32,0.9412,0.2353,15
2018,2018/19,L1,Bundesliga,79,VfB Stuttgart,34,7,7,20,32,70,-38,28,0.8235,0.2059,16
2018,2018/19,L1,Bundesliga,42,Hannover 96,34,5,6,23,31,71,-40,21,0.6176,0.1471,17
2018,2018/19,L1,Bundesliga,4,1.FC Nuremberg,34,3,10,21,26,68,-42,19,0.5588,0.0882,18
2018,2018/19,ES1,La Liga,131,FC Barcelona,38,26,9,3,90,36,54,87,2.2895,0.6842,1
2018,2018/19,ES1,La Liga,13,Atlético de Madrid,38,22,10,6,55,29,26,76,2.0,0.5789,2
2018,2018/19,ES1,La Liga,418,Real Madrid,38,21,5,12,63,46,17,68,1.7895,0.5526,3
2018,2018/19,ES1,La Liga,1049,Valencia CF,38,15,16,7,51,35,16,61,1.6053,0.3947,4
2018,2018/19,ES1,La Liga,3709,Getafe CF,38,15,14,9,48,35,13,59,1.5526,0.3947,5
2018,2018/19,ES1,La Liga,368,Sevilla FC,38,17,8,13,62,47,15,59,1.5526,0.4474,6
2018,2018/19,ES1,La Liga,714,RCD Espanyol Barcelona,38,14,11,13,48,50,-2,53,1.3947,0.3684,7
2018,2018/19,ES1,La Liga,621,Athletic Bilbao,38,13,14,11,41,45,-4,53,1.3947,0.3421,8
2018,2018/19,ES1,La Liga,681,Real Sociedad,38,13,11,14,45,46,-1,50,1.3158,0.3421,9
2018,2018/19,ES1,La Liga,150,Real Betis Balompié,38,14,8,16,44,52,-8,50,1.3158,0.3684,10
2018,2018/19,ES1,La Liga,1108,Deportivo Alavés,38,13,11,14,39,50,-11,50,1.3158,0.3421,11
2018,2018/19,ES1,La Liga,1533,SD Eibar,38,11,14,13,46,50,-4,47,1.2368,0.2895,12
2018,2018/19,ES1,La Liga,1244,CD Leganés,38,11,12,15,37,43,-6,45,1.1842,0.2895,13
2018,2018/19,ES1,La Liga,1050,Villarreal CF,38,10,14,14,49,52,-3,44,1.1579,0.2632,14
2018,2018/19,ES1,La Liga,3368,Levante UD,38,11,11,16,59,66,-7,44,1.1579,0.2895,15
2018,2018/19,ES1,La Liga,366,Real Valladolid CF,38,10,11,17,32,51,-19,41,1.0789,0.2632,16
2018,2018/19,ES1,La Liga,940,Celta de Vigo,38,10,11,17,53,62,-9,41,1.0789,0.2632,17
2018,2018/19,ES1,La Liga,12321,Girona FC,38,9,10,19,37,53,-16,37,0.9737,0.2368,18
2018,2018/19,ES1,La Liga,5358,SD Huesca,38,7,12,19,43,65,-22,33,0.8684,0.1842,19
2018,2018/19,ES1,La Liga,367,Rayo Vallecano,38,8,8,22,41,70,-29,32,0.8421,0.2105,20
2018,2018/19,FR1,Ligue 1,583,Paris Saint-Germain,38,29,4,5,105,35,70,91,2.3947,0.7632,1
2018,2018/19,FR1,Ligue 1,1082,LOSC Lille,38,22,9,7,68,33,35,75,1.9737,0.5789,2
2018,2018/19,FR1,Ligue 1,1041,Olympique Lyon,38,21,9,8,70,47,23,72,1.8947,0.5526,3
2018,2018/19,FR1,Ligue 1,618,AS Saint-Étienne,38,19,9,10,59,41,18,66,1.7368,0.5,4
2018,2018/19,FR1,Ligue 1,244,Olympique Marseille,38,18,7,13,60,52,8,61,1.6053,0.4737,5
2018,2018/19,FR1,Ligue 1,969,Montpellier HSC,38,15,14,9,53,42,11,59,1.5526,0.3947,6
2018,2018/19,FR1,Ligue 1,417,OGC Nice,38,15,11,12,30,35,-5,56,1.4737,0.3947,7
2018,2018/19,FR1,Ligue 1,1421,Stade Reims,38,13,16,9,39,42,-3,55,1.4474,0.3421,8
2018,2018/19,FR1,Ligue 1,1160,Nîmes Olympique,38,15,8,15,57,58,-1,53,1.3947,0.3947,9
2018,2018/19,FR1,Ligue 1,273,Stade Rennais FC,38,13,13,12,55,52,3,52,1.3684,0.3421,10
2018,2018/19,FR1,Ligue 1,667,RC Strasbourg Alsace,38,11,16,11,58,48,10,49,1.2895,0.2895,11
2018,2018/19,FR1,Ligue 1,995,FC Nantes,38,13,9,16,48,48,0,48,1.2632,0.3421,12
2018,2018/19,FR1,Ligue 1,1420,Angers SCO,38,10,16,12,44,49,-5,46,1.2105,0.2632,13
2018,2018/19,FR1,Ligue 1,40,FC Girondins Bordeaux,38,10,11,17,34,42,-8,41,1.0789,0.2632,14
2018,2018/19,FR1,Ligue 1,1416,Amiens SC,38,9,11,18,31,52,-21,38,1.0,0.2368,15
2018,2018/19,FR1,Ligue 1,415,FC Toulouse,38,8,14,16,35,57,-22,38,1.0,0.2105,16
2018,2018/19,FR1,Ligue 1,162,AS Monaco,38,8,12,18,38,57,-19,36,0.9474,0.2105,17
2018,2018/19,FR1,Ligue 1,2969,Dijon FCO,38,9,7,22,31,60,-29,34,0.8947,0.2368,18
2018,2018/19,FR1,Ligue 1,1162,SM Caen,38,7,12,19,29,54,-25,33,0.8684,0.1842,19
2018,2018/19,FR1,Ligue 1,855,EA Guingamp,38,5,12,21,28,68,-40,27,0.7105,0.1316,20
2018,2018/19,GB1,Premier League,281,Manchester City,38,32,2,4,95,23,72,98,2.5789,0.8421,1
2018,2018/19,GB1,Premier League,31,Liverpool FC,38,30,7,1,89,22,67,97,2.5526,0.7895,2
2018,2018/19,GB1,Premier League,631,Chelsea FC,38,21,9,8,63,39,24,72,1.8947,0.5526,3
2018,2018/19,GB1,Premier League,148,Tottenham Hotspur,38,23,2,13,67,39,28,71,1.8684,0.6053,4
2018,2018/19,GB1,Premier League,11,Arsenal FC,38,21,7,10,73,51,22,70,1.8421,0.5526,5
2018,2018/19,GB1,Premier League,985,Manchester United,38,19,9,10,65,54,11,66,1.7368,0.5,6
2018,2018/19,GB1,Premier League,543,Wolverhampton Wanderers,38,16,9,13,47,46,1,57,1.5,0.4211,7
2018,2018/19,GB1,Premier League,29,Everton FC,38,15,9,14,54,46,8,54,1.4211,0.3947,8
2018,2018/19,GB1,Premier League,1003,Leicester City,38,15,7,16,51,48,3,52,1.3684,0.3947,9
2018,2018/19,GB1,Premier League,379,West Ham United,38,15,7,16,52,55,-3,52,1.3684,0.3947,10
2018,2018/19,GB1,Premier League,1010,Watford FC,38,14,8,16,52,59,-7,50,1.3158,0.3684,11
2018,2018/19,GB1,Premier League,873,Crystal Palace,38,14,7,17,51,53,-2,49,1.2895,0.3684,12
2018,2018/19,GB1,Premier League,762,Newcastle United,38,12,9,17,42,48,-6,45,1.1842,0.3158,13
2018,2018/19,GB1,Premier League,989,AFC Bournemouth,38,13,6,19,56,70,-14,45,1.1842,0.3421,14
2018,2018/19,GB1,Premier League,1132,Burnley FC,38,11,7,20,45,68,-23,40,1.0526,0.2895,15
2018,2018/19,GB1,Premier League,180,Southampton FC,38,9,12,17,45,65,-20,39,1.0263,0.2368,16
2018,2018/19,GB1,Premier League,1237,Brighton & Hove Albion,38,9,9,20,35,60,-25,36,0.9474,0.2368,17
2018,2018/19,GB1,Premier League,603,Cardiff City,38,10,4,24,34,69,-35,34,0.8947,0.2632,18
2018,2018/19,GB1,Premier League,931,Fulham FC,38,7,5,26,34,81,-47,26,0.6842,0.1842,19
2018,2018/19,GB1,Premier League,1110,Huddersfield Town,38,3,7,28,22,76,-54,16,0.4211,0.0789,20
2018,2018/19,IT1,Serie A,506,Juventus FC,38,28,6,4,70,30,40,90,2.3684,0.7368,1
2018,2018/19,IT1,Serie A,6195,SSC Napoli,38,24,7,7,74,36,38,79,2.0789,0.6316,2
2018,2018/19,IT1,Serie A,800,Atalanta BC,38,20,9,9,77,46,31,69,1.8158,0.5263,3
2018,2018/19,IT1,Serie A,46,Inter Milan,38,20,9,9,57,33,24,69,1.8158,0.5263,4
2018,2018/19,IT1,Serie A,5,AC Milan,38,19,11,8,55,36,19,68,1.7895,0.5,5
2018,2018/19,IT1,Serie A,12,Associazione Sportiva Roma,38,18,12,8,66,48,18,66,1.7368,0.4737,6
2018,2018/19,IT1,Serie A,416,Torino FC,38,16,15,7,52,37,15,63,1.6579,0.4211,7
2018,2018/19,IT1,Serie A,398,Società Sportiva Lazio S.p.A.,38,17,8,13,56,46,10,59,1.5526,0.4474,8
2018,2018/19,IT1,Serie A,1038,UC Sampdoria,38,15,8,15,60,51,9,53,1.3947,0.3947,9
2018,2018/19,IT1,Serie A,1025,Bologna Football Club 1909,38,11,11,16,48,56,-8,44,1.1579,0.2895,10
2018,2018/19,IT1,Serie A,6574,US Sassuolo,38,9,16,13,53,60,-7,43,1.1316,0.2368,11
2018,2018/19,IT1,Serie A,410,Udinese Calcio,38,11,10,17,39,53,-14,43,1.1316,0.2895,12
2018,2018/19,IT1,Serie A,2722,SPAL,38,11,9,18,44,56,-12,42,1.1053,0.2895,13
2018,2018/19,IT1,Serie A,130,Parma Calcio 1913,38,10,11,17,41,61,-20,41,1.0789,0.2632,14
2018,2018/19,IT1,Serie A,1390,Cagliari Calcio,38,10,11,17,36,54,-18,41,1.0789,0.2632,15
2018,2018/19,IT1,Serie A,430,ACF Fiorentina,38,8,17,13,47,45,2,41,1.0789,0.2105,16
2018,2018/19,IT1,Serie A,252,Genoa CFC,38,8,14,16,39,57,-18,38,1.0,0.2105,17
2018,2018/19,IT1,Serie A,749,FC Empoli,38,10,8,20,51,70,-19,38,1.0,0.2632,18
2018,2018/19,IT1,Serie A,8970,Frosinone Calcio,38,5,10,23,29,69,-40,25,0.6579,0.1316,19
2018,2018/19,IT1,Serie A,862,Chievo Verona,38,2,14,22,25,75,-50,20,0.5263,0.0526,20
2019,2019/20,L1,Bundesliga,27,Bayern Munich,34,26,4,4,100,32,68,82,2.4118,0.7647,1
2019,2019/20,L1,Bundesliga,16,Borussia Dortmund,34,21,6,7,84,41,43,69,2.0294,0.6176,2
2019,2019/20,L1,Bundesliga,23826,RB Leipzig,34,18,12,4,81,37,44,66,1.9412,0.5294,3
2019,2019/20,L1,Bundesliga,18,Borussia Mönchengladbach,34,20,5,9,66,40,26,65,1.9118,0.5882,4
2019,2019/20,L1,Bundesliga,15,Bayer 04 Leverkusen,34,19,6,9,61,44,17,63,1.8529,0.5588,5
2019,2019/20,L1,Bundesliga,533,TSG 1899 Hoffenheim,34,15,7,12,53,53,0,52,1.5294,0.4412,6
2019,2019/20,L1,Bundesliga,82,VfL Wolfsburg,34,13,10,11,48,46,2,49,1.4412,0.3824,7
2019,2019/20,L1,Bundesliga,60,SC Freiburg,34,13,9,12,48,47,1,48,1.4118,0.3824,8
2019,2019/20,L1,Bundesliga,24,Eintracht Frankfurt,34,13,6,15,59,60,-1,45,1.3235,0.3824,9
2019,2019/20,L1,Bundesliga,44,Hertha BSC,34,11,8,15,48,59,-11,41,1.2059,0.3235,10
2019,2019/20,L1,Bundesliga,89,1.FC Union Berlin,34,12,5,17,41,58,-17,41,1.2059,0.3529,11
2019,2019/20,L1,Bundesliga,33,FC Schalke 04,34,9,12,13,38,58,-20,39,1.1471,0.2647,12
2019,2019/20,L1,Bundesliga,39,1.FSV Mainz 05,34,11,4,19,44,65,-21,37,1.0882,0.3235,13
2019,2019/20,L1,Bundesliga,3,1.FC Köln,34,10,6,18,51,69,-18,36,1.0588,0.2941,14
2019,2019/20,L1,Bundesliga,167,FC Augsburg,34,9,9,16,45,63,-18,36,1.0588,0.2647,15
2019,2019/20,L1,Bundesliga,86,SV Werder Bremen,34,8,7,19,42,69,-27,31,0.9118,0.2353,16
2019,2019/20,L1,Bundesliga,38,Fortuna Düsseldorf,34,6,12,16,36,67,-31,30,0.8824,0.1765,17
2019,2019/20,L1,Bundesliga,127,SC Paderborn 07,34,4,8,22,37,74,-37,20,0.5882,0.1176,18
2019,2019/20,ES1,La Liga,418,Real Madrid,38,26,9,3,70,25,45,87,2.2895,0.6842,1
2019,2019/20,ES1,La Liga,131,FC Barcelona,38,25,7,6,86,38,48,82,2.1579,0.6579,2
2019,2019/20,ES1,La Liga,13,Atlético de Madrid,38,18,16,4,51,27,24,70,1.8421,0.4737,3
2019,2019/20,ES1,La Liga,368,Sevilla FC,38,19,13,6,54,34,20,70,1.8421,0.5,4
2019,2019/20,ES1,La Liga,1050,Villarreal CF,38,18,6,14,63,49,14,60,1.5789,0.4737,5
2019,2019/20,ES1,La Liga,681,Real Sociedad,38,16,8,14,56,48,8,56,1.4737,0.4211,6
2019,2019/20,ES1,La Liga,16795,Granada CF,38,16,8,14,52,45,7,56,1.4737,0.4211,7
2019,2019/20,ES1,La Liga,3709,Getafe CF,38,14,12,12,43,37,6,54,1.4211,0.3684,8
2019,2019/20,ES1,La Liga,1049,Valencia CF,38,14,11,13,46,53,-7,53,1.3947,0.3684,9
2019,2019/20,ES1,La Liga,331,CA Osasuna,38,13,13,12,46,54,-8,52,1.3684,0.3421,10
2019,2019/20,ES1,La Liga,621,Athletic Bilbao,38,13,12,13,41,38,3,51,1.3421,0.3421,11
2019,2019/20,ES1,La Liga,3368,Levante UD,38,14,7,17,47,53,-6,49,1.2895,0.3684,12
2019,2019/20,ES1,La Liga,366,Real Valladolid CF,38,9,15,14,32,43,-11,42,1.1053,0.2368,13
2019,2019/20,ES1,La Liga,1533,SD Eibar,38,11,9,18,39,56,-17,42,1.1053,0.2895,14
2019,2019/20,ES1,La Liga,150,Real Betis Balompié,38,10,11,17,48,60,-12,41,1.0789,0.2632,15
2019,2019/20,ES1,La Liga,1108,Deportivo Alavés,38,10,9,19,34,59,-25,39,1.0263,0.2632,16
2019,2019/20,ES1,La Liga,940,Celta de Vigo,38,7,16,15,37,49,-12,37,0.9737,0.1842,17
2019,2019/20,ES1,La Liga,1244,CD Leganés,38,8,12,18,30,51,-21,36,0.9474,0.2105,18
2019,2019/20,ES1,La Liga,237,RCD Mallorca,38,9,6,23,40,65,-25,33,0.8684,0.2368,19
2019,2019/20,ES1,La Liga,714,RCD Espanyol Barcelona,38,5,10,23,27,58,-31,25,0.6579,0.1316,20
2019,2019/20,FR1,Ligue 1,583,Paris Saint-Germain,27,22,2,3,75,24,51,68,2.5185,0.8148,1
2019,2019/20,FR1,Ligue 1,244,Olympique Marseille,28,16,8,4,41,29,12,56,2.0,0.5714,2
2019,2019/20,FR1,Ligue 1,273,Stade Rennais FC,28,15,5,8,38,24,14,50,1.7857,0.5357,3
2019,2019/20,FR1,Ligue 1,1082,LOSC Lille,28,15,4,9,35,27,8,49,1.75,0.5357,4
2019,2019/20,FR1,Ligue 1,1421,Stade Reims,28,10,11,7,26,21,5,41,1.4643,0.3571,5
2019,2019/20,FR1,Ligue 1,417,OGC Nice,28,11,8,9,41,38,3,41,1.4643,0.3929,6
2019,2019/20,FR1,Ligue 1,1041,Olympique Lyon,28,11,7,10,42,27,15,40,1.4286,0.3929,7
2019,2019/20,FR1,Ligue 1,969,Montpellier HSC,28,11,7,10,35,34,1,40,1.4286,0.3929,8
2019,2019/20,FR1,Ligue 1,162,AS Monaco,28,11,7,10,44,44,0,40,1.4286,0.3929,9
2019,2019/20,FR1,Ligue 1,1420,Angers SCO,28,11,6,11,28,33,-5,39,1.3929,0.3929,10
2019,2019/20,FR1,Ligue 1,667,RC Strasbourg Alsace,27,11,5,11,32,32,0,38,1.4074,0.4074,10
2019,2019/20,FR1,Ligue 1,40,FC Girondins Bordeaux,28,9,10,9,40,34,6,37,1.3214,0.3214,12
2019,2019/20,FR1,Ligue 1,995,FC Nantes,28,11,4,13,28,31,-3,37,1.3214,0.3929,13
2019,2019/20,FR1,Ligue 1,3911,Stade Brestois 29,28,8,10,10,34,37,-3,34,1.2143,0.2857,14
2019,2019/20,FR1,Ligue 1,347,FC Metz,28,8,10,10,27,35,-8,34,1.2143,0.2857,15
2019,2019/20,FR1,Ligue 1,2969,Dijon FCO,28,7,9,12,27,37,-10,30,1.0714,0.25,16
2019,2019/20,FR1,Ligue 1,618,AS Saint-Étienne,28,8,6,14,29,45,-16,30,1.0714,0.2857,17
2019,2019/20,FR1,Ligue 1,1160,Nîmes Olympique,28,7,6,15,29,44,-15,27,0.9643,0.25,18
2019,2019/20,FR1,Ligue 1,1416,Amiens SC,28,4,11,13,31,50,-19,23,0.8214,0.1429,19
2019,2019/20,FR1,Ligue 1,415,FC Toulouse,28,3,4,21,22,58,-36,13,0.4643,0.1071,20
2019,2019/20,GB1,Premier League,31,Liverpool FC,38,32,3,3,85,33,52,99,2.6053,0.8421,1
2019,2019/20,GB1,Premier League,281,Manchester City,38,26,3,9,102,35,67,81,2.1316,0.6842,2
2019,2019/20,GB1,Premier League,985,Manchester United,38,18,12,8,66,36,30,66,1.7368,0.4737,3
2019,2019/20,GB1,Premier League,631,Chelsea FC,38,20,6,12,69,54,15,66,1.7368,0.5263,4
2019,2019/20,GB1,Premier League,1003,Leicester City,38,18,8,12,67,41,26,62,1.6316,0.4737,5
2019,2019/20,GB1,Premier League,148,Tottenham Hotspur,38,16,11,11,61,47,14,59,1.5526,0.4211,6
2019,2019/20,GB1,Premier League,543,Wolverhampton Wanderers,38,15,14,9,51,40,11,59,1.5526,0.3947,7
2019,2019/20,GB1,Premier League,11,Arsenal FC,38,14,14,10,56,48,8,56,1.4737,0.3684,8
2019,2019/20,GB1,Premier League,350,Sheffield United,38,14,12,12,39,39,0,54,1.4211,0.3684,9
2019,2019/20,GB1,Premier League,1132,Burnley FC,38,15,9,14,43,50,-7,54,1.4211,0.3947,10
2019,2019/20,GB1,Premier League,180,Southampton FC,38,15,7,16,51,60,-9,52,1.3684,0.3947,11
2019,2019/20,GB1,Premier League,29,Everton FC,38,13,10,15,44,56,-12,49,1.2895,0.3421,12
2019,2019/20,GB1,Premier League,762,Newcastle United,38,11,11,16,38,58,-20,44,1.1579,0.2895,13
2019,2019/20,GB1,Premier League,873,Crystal Palace,38,11,10,17,31,50,-19,43,1.1316,0.2895,14
2019,2019/20,GB1,Premier League,1237,Brighton & Hove Albion,38,9,14,15,39,54,-15,41,1.0789,0.2368,15
2019,2019/20,GB1,Premier League,379,West Ham United,38,10,9,19,49,62,-13,39,1.0263,0.2632,16
2019,2019/20,GB1,Premier League,405,Aston Villa,38,9,8,21,41,67,-26,35,0.9211,0.2368,17
2019,2019/20,GB1,Premier League,989,AFC Bournemouth,38,9,7,22,40,65,-25,34,0.8947,0.2368,18
2019,2019/20,GB1,Premier League,1010,Watford FC,38,8,10,20,36,64,-28,34,0.8947,0.2105,19
2019,2019/20,GB1,Premier League,1123,Norwich City,38,5,6,27,26,75,-49,21,0.5526,0.1316,20
2019,2019/20,IT1,Serie A,506,Juventus FC,38,26,5,7,76,43,33,83,2.1842,0.6842,1
2019,2019/20,IT1,Serie A,46,Inter Milan,38,24,10,4,81,36,45,82,2.1579,0.6316,2
2019,2019/20,IT1,Serie A,800,Atalanta BC,38,23,9,6,98,48,50,78,2.0526,0.6053,3
2019,2019/20,IT1,Serie A,398,Società Sportiva Lazio S.p.A.,38,24,6,8,79,42,37,78,2.0526,0.6316,4
2019,2019/20,IT1,Serie A,12,Associazione Sportiva Roma,38,21,7,10,77,51,26,70,1.8421,0.5526,5
2019,2019/20,IT1,Serie A,5,AC Milan,38,19,9,10,63,46,17,66,1.7368,0.5,6
2019,2019/20,IT1,Serie A,6195,SSC Napoli,38,18,8,12,61,50,11,62,1.6316,0.4737,7
2019,2019/20,IT1,Serie A,6574,US Sassuolo,38,14,9,15,69,63,6,51,1.3421,0.3684,8
2019,2019/20,IT1,Serie A,276,Hellas Verona,38,12,13,13,47,51,-4,49,1.2895,0.3158,9
2019,2019/20,IT1,Serie A,430,ACF Fiorentina,38,12,13,13,51,48,3,49,1.2895,0.3158,10
2019,2019/20,IT1,Serie A,130,Parma Calcio 1913,38,14,7,17,56,57,-1,49,1.2895,0.3684,11
2019,2019/20,IT1,Serie A,1025,Bologna Football Club 1909,38,12,11,15,52,65,-13,47,1.2368,0.3158,12
2019,2019/20,IT1,Serie A,410,Udinese Calcio,38,12,9,17,37,51,-14,45,1.1842,0.3158,13
2019,2019/20,IT1,Serie A,1390,Cagliari Calcio,38,11,12,15,52,56,-4,45,1.1842,0.2895,14
2019,2019/20,IT1,Serie A,1038,UC Sampdoria,38,12,6,20,48,65,-17,42,1.1053,0.3158,15
2019,2019/20,IT1,Serie A,416,Torino FC,38,11,7,20,46,68,-22,40,1.0526,0.2895,16
2019,2019/20,IT1,Serie A,252,Genoa CFC,38,10,9,19,47,73,-26,39,1.0263,0.2632,17
2019,2019/20,IT1,Serie A,1005,US Lecce,38,9,8,21,52,85,-33,35,0.9211,0.2368,18
2019,2019/20,IT1,Serie A,19,Brescia Calcio,38,6,7,25,35,79,-44,25,0.6579,0.1579,19
2019,2019/20,IT1,Serie A,2722,SPAL,38,5,5,28,27,77,-50,20,0.5263,0.1316,20
2020,2020/21,L1,Bundesliga,27,Bayern Munich,34,24,6,4,99,44,55,78,2.2941,0.7059,1
2020,2020/21,L1,Bundesliga,23826,RB Leipzig,34,19,8,7,60,32,28,65,1.9118,0.5588,2
2020,2020/21,L1,Bundesliga,16,Borussia Dortmund,34,20,4,10,75,46,29,64,1.8824,0.5882,3
2020,2020/21,L1,Bundesliga,82,VfL Wolfsburg,34,17,10,7,61,37,24,61,1.7941,0.5,4
2020,2020/21,L1,Bundesliga,24,Eintracht Frankfurt,34,16,12,6,69,53,16,60,1.7647,0.4706,5
2020,2020/21,L1,Bundesliga,15,Bayer 04 Leverkusen,34,14,10,10,53,39,14,52,1.5294,0.4118,6
2020,2020/21,L1,Bundesliga,89,1.FC Union Berlin,34,12,14,8,50,43,7,50,1.4706,0.3529,7
2020,2020/21,L1,Bundesliga,18,Borussia Mönchengladbach,34,13,10,11,64,56,8,49,1.4412,0.3824,8
2020,2020/21,L1,Bundesliga,79,VfB Stuttgart,34,12,9,13,56,55,1,45,1.3235,0.3529,9
2020,2020/21,L1,Bundesliga,60,SC Freiburg,34,12,9,13,52,52,0,45,1.3235,0.3529,10
2020,2020/21,L1,Bundesliga,533,TSG 1899 Hoffenheim,34,11,10,13,52,54,-2,43,1.2647,0.3235,11
2020,2020/21,L1,Bundesliga,39,1.FSV Mainz 05,34,10,9,15,39,56,-17,39,1.1471,0.2941,12
2020,2020/21,L1,Bundesliga,167,FC Augsburg,34,10,6,18,36,54,-18,36,1.0588,0.2941,13
2020,2020/21,L1,Bundesliga,44,Hertha BSC,34,8,11,15,41,52,-11,35,1.0294,0.2353,14
2020,2020/21,L1,Bundesliga,10,Arminia Bielefeld,34,9,8,17,26,52,-26,35,1.0294,0.2647,15
2020,2020/21,L1,Bundesliga,3,1.FC Köln,34,8,9,17,34,60,-26,33,0.9706,0.2353,16
2020,2020/21,L1,Bundesliga,86,SV Werder Bremen,34,7,10,17,36,57,-21,31,0.9118,0.2059,17
2020,2020/21,L1,Bundesliga,33,FC Schalke 04,34,3,7,24,25,86,-61,16,0.4706,0.0882,18
2020,2020/21,ES1,La Liga,13,Atlético de Madrid,38,26,8,4,67,25,42,86,2.2632,0.6842,1
2020,2020/21,ES1,La Liga,418,Real Madrid,38,25,9,4,67,28,39,84,2.2105,0.6579,2
2020,2020/21,ES1,La Liga,131,FC Barcelona,38,24,7,7,85,38,47,79,2.0789,0.6316,3
2020,2020/21,ES1,La Liga,368,Sevilla FC,38,24,5,9,53,33,20,77,2.0263,0.6316,4
2020,2020/21,ES1,La Liga,681,Real Sociedad,38,17,11,10,59,38,21,62,1.6316,0.4474,5
2020,2020/21,ES1,La Liga,150,Real Betis Balompié,38,17,10,11,50,50,0,61,1.6053,0.4474,6
2020,2020/21,ES1,La Liga,1050,Villarreal CF,38,15,13,10,60,44,16,58,1.5263,0.3947,7
2020,2020/21,ES1,La Liga,940,Celta de Vigo,38,14,11,13,55,57,-2,53,1.3947,0.3684,8
2020,2020/21,ES1,La Liga,621,Athletic Bilbao,38,11,13,14,46,42,4,46,1.2105,0.2895,9
2020,2020/21,ES1,La Liga,16795,Granada CF,38,13,7,18,47,65,-18,46,1.2105,0.3421,10
2020,2020/21,ES1,La Liga,331,CA Osasuna,38,11,11,16,37,48,-11,44,1.1579,0.2895,11
2020,2020/21,ES1,La Liga,2687,Cádiz CF,38,11,11,16,36,58,-22,44,1.1579,0.2895,12
2020,2020/21,ES1,La Liga,1049,Valencia CF,38,10,13,15,50,53,-3,43,1.1316,0.2632,13
2020,2020/21,ES1,La Liga,3368,Levante UD,38,9,14,15,46,57,-11,41,1.0789,0.2368,14
2020,2020/21,ES1,La Liga,3709,Getafe CF,38,9,11,18,28,43,-15,38,1.0,0.2368,15
2020,2020/21,ES1,La Liga,1108,Deportivo Alavés,38,9,11,18,36,57,-21,38,1.0,0.2368,16
2020,2020/21,ES1,La Liga,1531,Elche CF,38,8,12,18,34,55,-21,36,0.9474,0.2105,17
2020,2020/21,ES1,La Liga,5358,SD Huesca,38,7,13,18,34,53,-19,34,0.8947,0.1842,18
2020,2020/21,ES1,La Liga,366,Real Valladolid CF,38,5,16,17,34,57,-23,31,0.8158,0.1316,19
2020,2020/21,ES1,La Liga,1533,SD Eibar,38,6,12,20,29,52,-23,30,0.7895,0.1579,20
2020,2020/21,FR1,Ligue 1,1082,LOSC Lille,38,24,11,3,64,23,41,83,2.1842,0.6316,1
2020,2020/21,FR1,Ligue 1,583,Paris Saint-Germain,38,26,4,8,86,28,58,82,2.1579,0.6842,2
2020,2020/21,FR1,Ligue 1,162,AS Monaco,38,24,6,8,76,42,34,78,2.0526,0.6316,3
2020,2020/21,FR1,Ligue 1,1041,Olympique Lyon,38,22,10,6,81,43,38,76,2.0,0.5789,4
2020,2020/21,FR1,Ligue 1,244,Olympique Marseille,38,16,12,10,54,47,7,60,1.5789,0.4211,5
2020,2020/21,FR1,Ligue 1,273,Stade Rennais FC,38,16,10,12,52,40,12,58,1.5263,0.4211,6
2020,2020/21,FR1,Ligue 1,826,RC Lens,38,15,12,11,55,54,1,57,1.5,0.3947,7
2020,2020/21,FR1,Ligue 1,969,Montpellier HSC,38,14,12,12,60,62,-2,54,1.4211,0.3684,8
2020,2020/21,FR1,Ligue 1,417,OGC Nice,38,15,7,16,50,53,-3,52,1.3684,0.3947,9
2020,2020/21,FR1,Ligue 1,347,FC Metz,38,12,11,15,44,48,-4,47,1.2368,0.3158,10
2020,2020/21,FR1,Ligue 1,618,AS Saint-Étienne,38,12,10,16,42,54,-12,46,1.2105,0.3158,11
2020,2020/21,FR1,Ligue 1,40,FC Girondins Bordeaux,38,13,6,19,42,56,-14,45,1.1842,0.3421,12
2020,2020/21,FR1,Ligue 1,1420,Angers SCO,38,12,8,18,40,58,-18,44,1.1579,0.3158,13
2020,2020/21,FR1,Ligue 1,1421,Stade Reims,38,9,15,14,42,50,-8,42,1.1053,0.2368,14
2020,2020/21,FR1,Ligue 1,667,RC Strasbourg Alsace,38,11,9,18,49,58,-9,42,1.1053,0.2895,15
2020,2020/21,FR1,Ligue 1,1158,FC Lorient,38,11,9,18,50,68,-18,42,1.1053,0.2895,16
2020,2020/21,FR1,Ligue 1,3911,Stade Brestois 29,38,11,8,19,50,66,-16,41,1.0789,0.2895,17
2020,2020/21,FR1,Ligue 1,995,FC Nantes,38,9,13,16,47,55,-8,40,1.0526,0.2368,18
2020,2020/21,FR1,Ligue 1,1160,Nîmes Olympique,38,9,8,21,40,71,-31,35,0.9211,0.2368,19
2020,2020/21,FR1,Ligue 1,2969,Dijon FCO,38,4,9,25,25,73,-48,21,0.5526,0.1053,20
2020,2020/21,GB1,Premier League,281,Manchester City,38,27,5,6,83,32,51,86,2.2632,0.7105,1
2020,2020/21,GB1,Premier League,985,Manchester United,38,21,11,6,73,44,29,74,1.9474,0.5526,2
2020,2020/21,GB1,Premier League,31,Liverpool FC,38,20,9,9,68,42,26,69,1.8158,0.5263,3
2020,2020/21,GB1,Premier League,631,Chelsea FC,38,19,10,9,58,36,22,67,1.7632,0.5,4
2020,2020/21,GB1,Premier League,1003,Leicester City,38,20,6,12,68,50,18,66,1.7368,0.5263,5
2020,2020/21,GB1,Premier League,379,West Ham United,38,19,8,11,62,47,15,65,1.7105,0.5,6
2020,2020/21,GB1,Premier League,148,Tottenham Hotspur,38,18,8,12,68,45,23,62,1.6316,0.4737,7
2020,2020/21,GB1,Premier League,11,Arsenal FC,38,18,7,13,55,39,16,61,1.6053,0.4737,8
2020,2020/21,GB1,Premier League,399,Leeds United,38,18,5,15,62,54,8,59,1.5526,0.4737,9
2020,2020/21,GB1,Premier League,29,Everton FC,38,17,8,13,47,48,-1,59,1.5526,0.4474,10
2020,2020/21,GB1,Premier League,405,Aston Villa,38,16,7,15,55,46,9,55,1.4474,0.4211,11
2020,2020/21,GB1,Premier League,762,Newcastle United,38,12,9,17,46,62,-16,45,1.1842,0.3158,12
2020,2020/21,GB1,Premier League,543,Wolverhampton Wanderers,38,12,9,17,36,52,-16,45,1.1842,0.3158,13
2020,2020/21,GB1,Premier League,873,Crystal Palace,38,12,8,18,41,66,-25,44,1.1579,0.3158,14
2020,2020/21,GB1,Premier League,180,Southampton FC,38,12,7,19,47,68,-21,43,1.1316,0.3158,15
2020,2020/21,GB1,Premier League,1237,Brighton & Hove Albion,38,9,14,15,40,46,-6,41,1.0789,0.2368,16
2020,2020/21,GB1,Premier League,1132,Burnley FC,38,10,9,19,33,55,-22,39,1.0263,0.2632,17
2020,2020/21,GB1,Premier League,931,Fulham FC,38,5,13,20,27,53,-26,28,0.7368,0.1316,18
2020,2020/21,GB1,Premier League,984,West Bromwich Albion,38,5,11,22,35,76,-41,26,0.6842,0.1316,19
2020,2020/21,GB1,Premier League,350,Sheffield United,38,7,2,29,20,63,-43,23,0.6053,0.1842,20
2020,2020/21,IT1,Serie A,46,Inter Milan,38,28,7,3,89,35,54,91,2.3947,0.7368,1
2020,2020/21,IT1,Serie A,5,AC Milan,38,24,7,7,74,41,33,79,2.0789,0.6316,2
2020,2020/21,IT1,Serie A,800,Atalanta BC,38,23,9,6,90,47,43,78,2.0526,0.6053,3
2020,2020/21,IT1,Serie A,506,Juventus FC,38,23,9,6,77,38,39,78,2.0526,0.6053,4
2020,2020/21,IT1,Serie A,6195,SSC Napoli,38,24,5,9,86,41,45,77,2.0263,0.6316,5
2020,2020/21,IT1,Serie A,398,Società Sportiva Lazio S.p.A.,38,21,5,12,61,55,6,68,1.7895,0.5526,6
2020,2020/21,IT1,Serie A,12,Associazione Sportiva Roma,38,18,8,12,68,58,10,62,1.6316,0.4737,7
2020,2020/21,IT1,Serie A,6574,US Sassuolo,38,17,11,10,64,56,8,62,1.6316,0.4474,8
2020,2020/21,IT1,Serie A,1038,UC Sampdoria,38,15,7,16,52,54,-2,52,1.3684,0.3947,9
2020,2020/21,IT1,Serie A,276,Hellas Verona,38,11,12,15,46,48,-2,45,1.1842,0.2895,10
2020,2020/21,IT1,Serie A,252,Genoa CFC,38,10,12,16,47,58,-11,42,1.1053,0.2632,11
2020,2020/21,IT1,Serie A,1025,Bologna Football Club 1909,38,10,11,17,51,65,-14,41,1.0789,0.2632,12
2020,2020/21,IT1,Serie A,410,Udinese Calcio,38,10,10,18,42,58,-16,40,1.0526,0.2632,13
2020,2020/21,IT1,Serie A,430,ACF Fiorentina,38,9,13,16,47,59,-12,40,1.0526,0.2368,14
2020,2020/21,IT1,Serie A,3522,Spezia Calcio,38,9,12,17,52,72,-20,39,1.0263,0.2368,15
2020,2020/21,IT1,Serie A,1390,Cagliari Calcio,38,9,10,19,43,59,-16,37,0.9737,0.2368,16
2020,2020/21,IT1,Serie A,416,Torino FC,38,7,16,15,50,69,-19,37,0.9737,0.1842,17
2020,2020/21,IT1,Serie A,4171,Benevento Calcio,38,7,12,19,40,75,-35,33,0.8684,0.1842,18
2020,2020/21,IT1,Serie A,4083,FC Crotone,38,6,5,27,45,92,-47,23,0.6053,0.1579,19
2020,2020/21,IT1,Serie A,130,Parma Calcio 1913,38,3,11,24,39,83,-44,20,0.5263,0.0789,20
2021,2021/22,L1,Bundesliga,27,Bayern Munich,34,24,5,5,97,37,60,77,2.2647,0.7059,1
2021,2021/22,L1,Bundesliga,16,Borussia Dortmund,34,22,3,9,85,52,33,69,2.0294,0.6471,2
2021,2021/22,L1,Bundesliga,15,Bayer 04 Leverkusen,34,19,7,8,80,47,33,64,1.8824,0.5588,3
2021,2021/22,L1,Bundesliga,23826,RB Leipzig,34,17,7,10,72,37,35,58,1.7059,0.5,4
2021,2021/22,L1,Bundesliga,89,1.FC Union Berlin,34,16,9,9,50,44,6,57,1.6765,0.4706,5
2021,2021/22,L1,Bundesliga,60,SC Freiburg,34,15,10,9,58,46,12,55,1.6176,0.4412,6
2021,2021/22,L1,Bundesliga,3,1.FC Köln,34,14,10,10,52,49,3,52,1.5294,0.4118,7
2021,2021/22,L1,Bundesliga,39,1.FSV Mainz 05,34,13,7,14,50,45,5,46,1.3529,0.3824,8
2021,2021/22,L1,Bundesliga,533,TSG 1899 Hoffenheim,34,13,7,14,58,60,-2,46,1.3529,0.3824,9
2021,2021/22,L1,Bundesliga,18,Borussia Mönchengladbach,34,12,9,13,54,61,-7,45,1.3235,0.3529,10
2021,2021/22,L1,Bundesliga,24,Eintracht Frankfurt,34,10,12,12,45,49,-4,42,1.2353,0.2941,11
2021,2021/22,L1,Bundesliga,82,VfL Wolfsburg,34,12,6,16,43,54,-11,42,1.2353,0.3529,12
2021,2021/22,L1,Bundesliga,80,VfL Bochum,34,12,6,16,38,52,-14,42,1.2353,0.3529,13
2021,2021/22,L1,Bundesliga,167,FC Augsburg,34,10,8,16,39,56,-17,38,1.1176,0.2941,14
2021,2021/22,L1,Bundesliga,79,VfB Stuttgart,34,7,12,15,41,59,-18,33,0.9706,0.2059,15
2021,2021/22,L1,Bundesliga,44,Hertha BSC,34,9,6,19,37,71,-34,33,0.9706,0.2647,16
2021,2021/22,L1,Bundesliga,10,Arminia Bielefeld,34,5,13,16,27,53,-26,28,0.8235,0.1471,17
2021,2021/22,L1,Bundesliga,65,SpVgg Greuther Fürth,34,3,9,22,28,82,-54,18,0.5294,0.0882,18
2021,2021/22,ES1,La Liga,418,Real Madrid,38,26,8,4,80,31,49,86,2.2632,0.6842,1
2021,2021/22,ES1,La Liga,131,FC Barcelona,38,21,10,7,68,38,30,73,1.9211,0.5526,2
2021,2021/22,ES1,La Liga,13,Atlético de Madrid,38,21,8,9,65,43,22,71,1.8684,0.5526,3
2021,2021/22,ES1,La Liga,368,Sevilla FC,38,18,16,4,53,30,23,70,1.8421,0.4737,4
2021,2021/22,ES1,La Liga,150,Real Betis Balompié,38,19,8,11,62,40,22,65,1.7105,0.5,5
2021,2021/22,ES1,La Liga,681,Real Sociedad,38,17,11,10,40,37,3,62,1.6316,0.4474,6
2021,2021/22,ES1,La Liga,1050,Villarreal CF,38,16,11,11,63,37,26,59,1.5526,0.4211,7
2021,2021/22,ES1,La Liga,621,Athletic Bilbao,38,14,13,11,43,36,7,55,1.4474,0.3684,8
2021,2021/22,ES1,La Liga,1049,Valencia CF,38,11,15,12,48,53,-5,48,1.2632,0.2895,9
2021,2021/22,ES1,La Liga,331,CA Osasuna,38,12,11,15,37,51,-14,47,1.2368,0.3158,10
2021,2021/22,ES1,La Liga,940,Celta de Vigo,38,12,10,16,43,43,0,46,1.2105,0.3158,11
2021,2021/22,ES1,La Liga,367,Rayo Vallecano,38,11,9,18,39,50,-11,42,1.1053,0.2895,12
2021,2021/22,ES1,La Liga,1531,Elche CF,38,11,9,18,40,52,-12,42,1.1053,0.2895,13
2021,2021/22,ES1,La Liga,714,RCD Espanyol Barcelona,38,10,12,16,40,53,-13,42,1.1053,0.2632,14
2021,2021/22,ES1,La Liga,3709,Getafe CF,38,8,15,15,33,41,-8,39,1.0263,0.2105,15
2021,2021/22,ES1,La Liga,237,RCD Mallorca,38,10,9,19,36,63,-27,39,1.0263,0.2632,16
2021,2021/22,ES1,La Liga,2687,Cádiz CF,38,8,15,15,35,51,-16,39,1.0263,0.2105,17
2021,2021/22,ES1,La Liga,16795,Granada CF,38,8,14,16,44,61,-17,38,1.0,0.2105,18
2021,2021/22,ES1,La Liga,3368,Levante UD,38,8,11,19,51,76,-25,35,0.9211,0.2105,19
2021,2021/22,ES1,La Liga,1108,Deportivo Alavés,38,8,7,23,31,65,-34,31,0.8158,0.2105,20
2021,2021/22,FR1,Ligue 1,583,Paris Saint-Germain,38,26,8,4,90,36,54,86,2.2632,0.6842,1
2021,2021/22,FR1,Ligue 1,244,Olympique Marseille,38,21,8,9,63,38,25,71,1.8684,0.5526,2
2021,2021/22,FR1,Ligue 1,162,AS Monaco,38,20,9,9,65,40,25,69,1.8158,0.5263,3
2021,2021/22,FR1,Ligue 1,273,Stade Rennais FC,38,20,6,12,82,40,42,66,1.7368,0.5263,4
2021,2021/22,FR1,Ligue 1,417,OGC Nice,38,20,7,11,52,36,16,67,1.7632,0.5263,5
2021,2021/22,FR1,Ligue 1,667,RC Strasbourg Alsace,38,17,12,9,60,43,17,63,1.6579,0.4474,6
2021,2021/22,FR1,Ligue 1,826,RC Lens,38,17,11,10,62,48,14,62,1.6316,0.4474,7
2021,2021/22,FR1,Ligue 1,1041,Olympique Lyon,38,17,11,10,66,51,15,62,1.6316,0.4474,8
2021,2021/22,FR1,Ligue 1,995,FC Nantes,38,15,10,13,55,48,7,55,1.4474,0.3947,9
2021,2021/22,FR1,Ligue 1,1082,LOSC Lille,38,14,13,11,48,48,0,55,1.4474,0.3684,10
2021,2021/22,FR1,Ligue 1,3911,Stade Brestois 29,38,13,9,16,49,57,-8,48,1.2632,0.3421,11
2021,2021/22,FR1,Ligue 1,1421,Stade Reims,38,11,13,14,43,44,-1,46,1.2105,0.2895,12
2021,2021/22,FR1,Ligue 1,969,Montpellier HSC,38,12,7,19,49,61,-12,43,1.1316,0.3158,13
2021,2021/22,FR1,Ligue 1,1420,Angers SCO,38,10,11,17,44,55,-11,41,1.0789,0.2632,14
2021,2021/22,FR1,Ligue 1,1095,ESTAC Troyes,38,9,11,18,37,53,-16,38,1.0,0.2368,15
2021,2021/22,FR1,Ligue 1,1158,FC Lorient,38,8,12,18,35,63,-28,36,0.9474,0.2105,16
2021,2021/22,FR1,Ligue 1,3524,Clermont Foot 63,38,9,9,20,38,69,-31,36,0.9474,0.2368,17
2021,2021/22,FR1,Ligue 1,618,AS Saint-Étienne,38,7,11,20,42,77,-35,32,0.8421,0.1842,18
2021,2021/22,FR1,Ligue 1,347,FC Metz,38,6,13,19,35,69,-34,31,0.8158,0.1579,19
2021,2021/22,FR1,Ligue 1,40,FC Girondins Bordeaux,38,6,13,19,52,91,-39,31,0.8158,0.1579,20
2021,2021/22,GB1,Premier League,281,Manchester City,38,29,6,3,99,26,73,93,2.4474,0.7632,1
2021,2021/22,GB1,Premier League,31,Liverpool FC,38,28,8,2,94,26,68,92,2.4211,0.7368,2
2021,2021/22,GB1,Premier League,631,Chelsea FC,38,21,11,6,76,33,43,74,1.9474,0.5526,3
2021,2021/22,GB1,Premier League,148,Tottenham Hotspur,38,22,5,11,69,40,29,71,1.8684,0.5789,4
2021,2021/22,GB1,Premier League,11,Arsenal FC,38,22,3,13,61,48,13,69,1.8158,0.5789,5
2021,2021/22,GB1,Premier League,985,Manchester United,38,16,10,12,57,57,0,58,1.5263,0.4211,6
2021,2021/22,GB1,Premier League,379,West Ham United,38,16,8,14,60,51,9,56,1.4737,0.4211,7
2021,2021/22,GB1,Premier League,1003,Leicester City,38,14,10,14,62,59,3,52,1.3684,0.3684,8
2021,2021/22,GB1,Premier League,1237,Brighton & Hove Albion,38,12,15,11,42,44,-2,51,1.3421,0.3158,9
2021,2021/22,GB1,Premier League,543,Wolverhampton Wanderers,38,15,6,17,38,43,-5,51,1.3421,0.3947,10
2021,2021/22,GB1,Premier League,762,Newcastle United,38,13,10,15,44,62,-18,49,1.2895,0.3421,11
2021,2021/22,GB1,Premier League,873,Crystal Palace,38,11,15,12,50,46,4,48,1.2632,0.2895,12
2021,2021/22,GB1,Premier League,1148,Brentford FC,38,13,7,18,48,56,-8,46,1.2105,0.3421,13
2021,2021/22,GB1,Premier League,405,Aston Villa,38,13,6,19,52,54,-2,45,1.1842,0.3421,14
2021,2021/22,GB1,Premier League,180,Southampton FC,38,9,13,16,43,67,-24,40,1.0526,0.2368,15
2021,2021/22,GB1,Premier League,29,Everton FC,38,11,6,21,43,66,-23,39,1.0263,0.2895,16
2021,2021/22,GB1,Premier League,399,Leeds United,38,9,11,18,42,79,-37,38,1.0,0.2368,17
2021,2021/22,GB1,Premier League,1132,Burnley FC,38,7,14,17,34,53,-19,35,0.9211,0.1842,18
2021,2021/22,GB1,Premier League,1010,Watford FC,38,6,5,27,34,77,-43,23,0.6053,0.1579,19
2021,2021/22,GB1,Premier League,1123,Norwich City,38,5,7,26,23,84,-61,22,0.5789,0.1316,20
2021,2021/22,IT1,Serie A,5,AC Milan,38,26,8,4,69,31,38,86,2.2632,0.6842,1
2021,2021/22,IT1,Serie A,46,Inter Milan,38,25,9,4,84,32,52,84,2.2105,0.6579,2
2021,2021/22,IT1,Serie A,6195,SSC Napoli,38,24,7,7,74,31,43,79,2.0789,0.6316,3
2021,2021/22,IT1,Serie A,506,Juventus FC,38,20,10,8,57,37,20,70,1.8421,0.5263,4
2021,2021/22,IT1,Serie A,398,Società Sportiva Lazio S.p.A.,38,18,10,10,77,58,19,64,1.6842,0.4737,5
2021,2021/22,IT1,Serie A,12,Associazione Sportiva Roma,38,18,9,11,59,43,16,63,1.6579,0.4737,6
2021,2021/22,IT1,Serie A,430,ACF Fiorentina,38,19,5,14,59,51,8,62,1.6316,0.5,7
2021,2021/22,IT1,Serie A,800,Atalanta BC,38,16,11,11,65,48,17,59,1.5526,0.4211,8
2021,2021/22,IT1,Serie A,276,Hellas Verona,38,14,11,13,65,59,6,53,1.3947,0.3684,9
2021,2021/22,IT1,Serie A,416,Torino FC,38,13,11,14,46,41,5,50,1.3158,0.3421,10
2021,2021/22,IT1,Serie A,6574,US Sassuolo,38,13,11,14,64,66,-2,50,1.3158,0.3421,11
2021,2021/22,IT1,Serie A,410,Udinese Calcio,38,11,14,13,61,58,3,47,1.2368,0.2895,12
2021,2021/22,IT1,Serie A,1025,Bologna Football Club 1909,38,12,10,16,44,55,-11,46,1.2105,0.3158,13
2021,2021/22,IT1,Serie A,749,FC Empoli,38,10,11,17,50,70,-20,41,1.0789,0.2632,14
2021,2021/22,IT1,Serie A,1038,UC Sampdoria,38,10,6,22,46,63,-17,36,0.9474,0.2632,15
2021,2021/22,IT1,Serie A,3522,Spezia Calcio,38,10,6,22,41,71,-30,36,0.9474,0.2632,16
2021,2021/22,IT1,Serie A,380,US Salernitana 1919,38,7,10,21,33,78,-45,31,0.8158,0.1842,17
2021,2021/22,IT1,Serie A,1390,Cagliari Calcio,38,6,12,20,34,68,-34,30,0.7895,0.1579,18
2021,2021/22,IT1,Serie A,252,Genoa CFC,38,4,16,18,27,60,-33,28,0.7368,0.1053,19
2021,2021/22,IT1,Serie A,607,Venezia FC,38,6,9,23,34,69,-35,27,0.7105,0.1579,20
2022,2022/23,L1,Bundesliga,27,Bayern Munich,34,21,8,5,92,38,54,71,2.0882,0.6176,1
2022,2022/23,L1,Bundesliga,16,Borussia Dortmund,34,22,5,7,83,44,39,71,2.0882,0.6471,2
2022,2022/23,L1,Bundesliga,23826,RB Leipzig,34,20,6,8,64,41,23,66,1.9412,0.5882,3
2022,2022/23,L1,Bundesliga,89,1.FC Union Berlin,34,18,8,8,51,38,13,62,1.8235,0.5294,4
2022,2022/23,L1,Bundesliga,60,SC Freiburg,34,17,8,9,51,44,7,59,1.7353,0.5,5
2022,2022/23,L1,Bundesliga,15,Bayer 04 Leverkusen,34,14,8,12,57,49,8,50,1.4706,0.4118,6
2022,2022/23,L1,Bundesliga,24,Eintracht Frankfurt,34,13,11,10,58,52,6,50,1.4706,0.3824,7
2022,2022/23,L1,Bundesliga,82,VfL Wolfsburg,34,13,10,11,57,48,9,49,1.4412,0.3824,8
2022,2022/23,L1,Bundesliga,39,1.FSV Mainz 05,34,12,10,12,54,55,-1,46,1.3529,0.3529,9
2022,2022/23,L1,Bundesliga,18,Borussia Mönchengladbach,34,11,10,13,52,55,-3,43,1.2647,0.3235,10
2022,2022/23,L1,Bundesliga,3,1.FC Köln,34,10,12,12,49,54,-5,42,1.2353,0.2941,11
2022,2022/23,L1,Bundesliga,533,TSG 1899 Hoffenheim,34,10,6,18,48,57,-9,36,1.0588,0.2941,12
2022,2022/23,L1,Bundesliga,86,SV Werder Bremen,34,10,6,18,51,64,-13,36,1.0588,0.2941,13
2022,2022/23,L1,Bundesliga,80,VfL Bochum,34,10,5,19,40,72,-32,35,1.0294,0.2941,14
2022,2022/23,L1,Bundesliga,167,FC Augsburg,34,9,7,18,42,63,-21,34,1.0,0.2647,15
2022,2022/23,L1,Bundesliga,79,VfB Stuttgart,34,7,12,15,45,57,-12,33,0.9706,0.2059,16
2022,2022/23,L1,Bundesliga,33,FC Schalke 04,34,7,10,17,35,71,-36,31,0.9118,0.2059,17
2022,2022/23,L1,Bundesliga,44,Hertha BSC,34,7,8,19,42,69,-27,29,0.8529,0.2059,18
2022,2022/23,ES1,La Liga,131,FC Barcelona,38,28,4,6,70,20,50,88,2.3158,0.7368,1
2022,2022/23,ES1,La Liga,418,Real Madrid,38,24,6,8,75,36,39,78,2.0526,0.6316,2
2022,2022/23,ES1,La Liga,13,Atlético de Madrid,38,23,8,7,70,33,37,77,2.0263,0.6053,3
2022,2022/23,ES1,La Liga,681,Real Sociedad,38,21,8,9,51,35,16,71,1.8684,0.5526,4
2022,2022/23,ES1,La Liga,1050,Villarreal CF,38,19,7,12,59,40,19,64,1.6842,0.5,5
2022,2022/23,ES1,La Liga,150,Real Betis Balompié,38,17,9,12,46,41,5,60,1.5789,0.4474,6
2022,2022/23,ES1,La Liga,331,CA Osasuna,38,15,8,15,37,42,-5,53,1.3947,0.3947,7
2022,2022/23,ES1,La Liga,621,Athletic Bilbao,38,14,9,15,47,43,4,51,1.3421,0.3684,8
2022,2022/23,ES1,La Liga,237,RCD Mallorca,38,14,8,16,37,43,-6,50,1.3158,0.3684,9
2022,2022/23,ES1,La Liga,12321,Girona FC,38,13,10,15,58,55,3,49,1.2895,0.3421,10
2022,2022/23,ES1,La Liga,368,Sevilla FC,38,13,10,15,47,54,-7,49,1.2895,0.3421,11
2022,2022/23,ES1,La Liga,367,Rayo Vallecano,38,13,10,15,45,53,-8,49,1.2895,0.3421,12
2022,2022/23,ES1,La Liga,940,Celta de Vigo,38,11,10,17,43,53,-10,43,1.1316,0.2895,13
2022,2022/23,ES1,La Liga,1049,Valencia CF,38,11,9,18,42,45,-3,42,1.1053,0.2895,14
2022,2022/23,ES1,La Liga,3709,Getafe CF,38,10,12,16,34,45,-11,42,1.1053,0.2632,15
2022,2022/23,ES1,La Liga,2687,Cádiz CF,38,10,12,16,30,53,-23,42,1.1053,0.2632,16
2022,2022/23,ES1,La Liga,3302,UD Almería,38,11,8,19,49,65,-16,41,1.0789,0.2895,17
2022,2022/23,ES1,La Liga,366,Real Valladolid CF,38,11,7,20,33,63,-30,40,1.0526,0.2895,18
2022,2022/23,ES1,La Liga,714,RCD Espanyol Barcelona,38,8,13,17,52,69,-17,37,0.9737,0.2105,19
2022,2022/23,ES1,La Liga,1531,Elche CF,38,5,10,23,30,67,-37,25,0.6579,0.1316,20
2022,2022/23,FR1,Ligue 1,583,Paris Saint-Germain,38,27,4,7,89,40,49,85,2.2368,0.7105,1
2022,2022/23,FR1,Ligue 1,826,RC Lens,38,25,9,4,68,29,39,84,2.2105,0.6579,2
2022,2022/23,FR1,Ligue 1,244,Olympique Marseille,38,22,7,9,67,40,27,73,1.9211,0.5789,3
2022,2022/23,FR1,Ligue 1,273,Stade Rennais FC,38,21,5,12,69,39,30,68,1.7895,0.5526,4
2022,2022/23,FR1,Ligue 1,1082,LOSC Lille,38,19,10,9,65,44,21,67,1.7632,0.5,5
2022,2022/23,FR1,Ligue 1,162,AS Monaco,38,19,8,11,70,58,12,65,1.7105,0.5,6
2022,2022/23,FR1,Ligue 1,1041,Olympique Lyon,38,18,8,12,65,47,18,62,1.6316,0.4737,7
2022,2022/23,FR1,Ligue 1,3524,Clermont Foot 63,38,17,8,13,45,49,-4,59,1.5526,0.4474,8
2022,2022/23,FR1,Ligue 1,417,OGC Nice,38,15,13,10,48,37,11,58,1.5263,0.3947,9
2022,2022/23,FR1,Ligue 1,1158,FC Lorient,38,15,10,13,52,53,-1,55,1.4474,0.3947,10
2022,2022/23,FR1,Ligue 1,1421,Stade Reims,38,12,15,11,45,45,0,51,1.3421,0.3158,11
2022,2022/23,FR1,Ligue 1,969,Montpellier HSC,38,15,5,18,65,62,3,50,1.3158,0.3947,12
2022,2022/23,FR1,Ligue 1,415,FC Toulouse,38,13,9,16,51,57,-6,48,1.2632,0.3421,13
2022,2022/23,FR1,Ligue 1,3911,Stade Brestois 29,38,11,11,16,44,54,-10,44,1.1579,0.2895,14
2022,2022/23,FR1,Ligue 1,667,RC Strasbourg Alsace,38,9,13,16,51,59,-8,40,1.0526,0.2368,15
2022,2022/23,FR1,Ligue 1,995,FC Nantes,38,7,15,16,37,55,-18,36,0.9474,0.1842,16
2022,2022/23,FR1,Ligue 1,290,AJ Auxerre,38,8,11,19,35,63,-28,35,0.9211,0.2105,17
2022,2022/23,FR1,Ligue 1,1147,AC Ajaccio,38,7,5,26,23,74,-51,26,0.6842,0.1842,18
2022,2022/23,FR1,Ligue 1,1095,ESTAC Troyes,38,4,12,22,45,81,-36,24,0.6316,0.1053,19
2022,2022/23,FR1,Ligue 1,1420,Angers SCO,38,4,6,28,33,81,-48,18,0.4737,0.1053,20
2022,2022/23,GB1,Premier League,281,Manchester City,38,28,5,5,94,33,61,89,2.3421,0.7368,1
2022,2022/23,GB1,Premier League,11,Arsenal FC,38,26,6,6,88,43,45,84,2.2105,0.6842,2
2022,2022/23,GB1,Premier League,985,Manchester United,38,23,6,9,58,43,15,75,1.9737,0.6053,3
2022,2022/23,GB1,Premier League,762,Newcastle United,38,19,14,5,68,33,35,71,1.8684,0.5,4
2022,2022/23,GB1,Premier League,31,Liverpool FC,38,19,10,9,75,47,28,67,1.7632,0.5,5
2022,2022/23,GB1,Premier League,1237,Brighton & Hove Albion,38,18,8,12,72,53,19,62,1.6316,0.4737,6
2022,2022/23,GB1,Premier League,405,Aston Villa,38,18,7,13,51,46,5,61,1.6053,0.4737,7
2022,2022/23,GB1,Premier League,148,Tottenham Hotspur,38,18,6,14,70,63,7,60,1.5789,0.4737,8
2022,2022/23,GB1,Premier League,1148,Brentford FC,38,15,14,9,58,46,12,59,1.5526,0.3947,9
2022,2022/23,GB1,Premier League,931,Fulham FC,38,15,7,16,55,53,2,52,1.3684,0.3947,10
2022,2022/23,GB1,Premier League,873,Crystal Palace,38,11,12,15,40,49,-9,45,1.1842,0.2895,11
2022,2022/23,GB1,Premier League,631,Chelsea FC,38,11,11,16,38,47,-9,44,1.1579,0.2895,12
2022,2022/23,GB1,Premier League,543,Wolverhampton Wanderers,38,11,8,19,31,58,-27,41,1.0789,0.2895,13
2022,2022/23,GB1,Premier League,379,West Ham United,38,11,7,20,42,55,-13,40,1.0526,0.2895,14
2022,2022/23,GB1,Premier League,989,AFC Bournemouth,38,11,6,21,37,71,-34,39,1.0263,0.2895,15
2022,2022/23,GB1,Premier League,703,Nottingham Forest,38,9,11,18,38,68,-30,38,1.0,0.2368,16
2022,2022/23,GB1,Premier League,29,Everton FC,38,8,12,18,34,57,-23,36,0.9474,0.2105,17
2022,2022/23,GB1,Premier League,1003,Leicester City,38,9,7,22,51,68,-17,34,0.8947,0.2368,18
2022,2022/23,GB1,Premier League,399,Leeds United,38,7,10,21,48,78,-30,31,0.8158,0.1842,19
2022,2022/23,GB1,Premier League,180,Southampton FC,38,6,7,25,36,73,-37,25,0.6579,0.1579,20
2022,2022/23,IT1,Serie A,6195,SSC Napoli,38,28,6,4,77,28,49,90,2.3684,0.7368,1
2022,2022/23,IT1,Serie A,398,Società Sportiva Lazio S.p.A.,38,22,8,8,60,30,30,74,1.9474,0.5789,2
2022,2022/23,IT1,Serie A,46,Inter Milan,38,23,3,12,71,42,29,72,1.8947,0.6053,3
2022,2022/23,IT1,Serie A,5,AC Milan,38,20,10,8,64,43,21,70,1.8421,0.5263,4
2022,2022/23,IT1,Serie A,800,Atalanta BC,38,19,7,12,66,48,18,64,1.6842,0.5,5
2022,2022/23,IT1,Serie A,12,Associazione Sportiva Roma,38,18,9,11,50,38,12,63,1.6579,0.4737,6
2022,2022/23,IT1,Serie A,506,Juventus FC,38,22,6,10,56,33,23,72,1.8947,0.5789,7
2022,2022/23,IT1,Serie A,430,ACF Fiorentina,38,15,11,12,53,43,10,56,1.4737,0.3947,8
2022,2022/23,IT1,Serie A,1025,Bologna Football Club 1909,38,14,12,12,53,49,4,54,1.4211,0.3684,9
2022,2022/23,IT1,Serie A,416,Torino FC,38,14,11,13,42,41,1,53,1.3947,0.3684,10
2022,2022/23,IT1,Serie A,2919,AC Monza,38,14,10,14,48,52,-4,52,1.3684,0.3684,11
2022,2022/23,IT1,Serie A,410,Udinese Calcio,38,11,13,14,47,48,-1,46,1.2105,0.2895,12
2022,2022/23,IT1,Serie A,6574,US Sassuolo,38,12,9,17,47,61,-14,45,1.1842,0.3158,13
2022,2022/23,IT1,Serie A,749,FC Empoli,38,10,13,15,37,49,-12,43,1.1316,0.2632,14
2022,2022/23,IT1,Serie A,380,US Salernitana 1919,38,9,15,14,48,62,-14,42,1.1053,0.2368,15
2022,2022/23,IT1,Serie A,1005,US Lecce,38,8,12,18,33,46,-13,36,0.9474,0.2105,16
2022,2022/23,IT1,Serie A,3522,Spezia Calcio,38,6,13,19,31,62,-31,31,0.8158,0.1579,17
2022,2022/23,IT1,Serie A,276,Hellas Verona,38,7,10,21,31,59,-28,31,0.8158,0.1842,18
2022,2022/23,IT1,Serie A,2239,US Cremonese,38,5,12,21,36,69,-33,27,0.7105,0.1316,19
2022,2022/23,IT1,Serie A,1038,UC Sampdoria,38,3,10,25,24,71,-47,19,0.5,0.0789,20
2023,2023/24,L1,Bundesliga,15,Bayer 04 Leverkusen,34,28,6,0,89,24,65,90,2.6471,0.8235,1
2023,2023/24,L1,Bundesliga,79,VfB Stuttgart,34,23,4,7,78,39,39,73,2.1471,0.6765,2
2023,2023/24,L1,Bundesliga,27,Bayern Munich,34,23,3,8,94,45,49,72,2.1176,0.6765,3
2023,2023/24,L1,Bundesliga,23826,RB Leipzig,34,19,8,7,77,39,38,65,1.9118,0.5588,4
2023,2023/24,L1,Bundesliga,16,Borussia Dortmund,34,18,9,7,68,43,25,63,1.8529,0.5294,5
2023,2023/24,L1,Bundesliga,24,Eintracht Frankfurt,34,11,14,9,51,50,1,47,1.3824,0.3235,6
2023,2023/24,L1,Bundesliga,533,TSG 1899 Hoffenheim,34,13,7,14,66,66,0,46,1.3529,0.3824,7
2023,2023/24,L1,Bundesliga,2036,1. Fußballclub Heidenheim 1846,34,10,12,12,50,55,-5,42,1.2353,0.2941,8
2023,2023/24,L1,Bundesliga,86,SV Werder Bremen,34,11,9,14,48,54,-6,42,1.2353,0.3235,9
2023,2023/24,L1,Bundesliga,60,SC Freiburg,34,11,9,14,45,58,-13,42,1.2353,0.3235,10
2023,2023/24,L1,Bundesliga,167,FC Augsburg,34,10,9,15,50,60,-10,39,1.1471,0.2941,11
2023,2023/24,L1,Bundesliga,82,VfL Wolfsburg,34,10,7,17,41,56,-15,37,1.0882,0.2941,12
2023,2023/24,L1,Bundesliga,39,1.FSV Mainz 05,34,7,14,13,39,51,-12,35,1.0294,0.2059,13
2023,2023/24,L1,Bundesliga,18,Borussia Mönchengladbach,34,7,13,14,56,67,-11,34,1.0,0.2059,14
2023,2023/24,L1,Bundesliga,89,1.FC Union Berlin,34,9,6,19,33,58,-25,33,0.9706,0.2647,15
2023,2023/24,L1,Bundesliga,80,VfL Bochum,34,7,12,15,42,74,-32,33,0.9706,0.2059,16
2023,2023/24,L1,Bundesliga,3,1.FC Köln,34,5,12,17,28,60,-32,27,0.7941,0.1471,17
2023,2023/24,L1,Bundesliga,105,SV Darmstadt 98,34,3,8,23,30,86,-56,17,0.5,0.0882,18
2023,2023/24,ES1,La Liga,418,Real Madrid,38,29,8,1,87,26,61,95,2.5,0.7632,1
2023,2023/24,ES1,La Liga,131,FC Barcelona,38,26,7,5,79,44,35,85,2.2368,0.6842,2
2023,2023/24,ES1,La Liga,12321,Girona FC,38,25,6,7,85,46,39,81,2.1316,0.6579,3
2023,2023/24,ES1,La Liga,13,Atlético de Madrid,38,24,4,10,70,43,27,76,2.0,0.6316,4
2023,2023/24,ES1,La Liga,621,Athletic Bilbao,38,19,11,8,61,37,24,68,1.7895,0.5,5
2023,2023/24,ES1,La Liga,681,Real Sociedad,38,16,12,10,51,39,12,60,1.5789,0.4211,6
2023,2023/24,ES1,La Liga,150,Real Betis Balompié,38,14,15,9,48,45,3,57,1.5,0.3684,7
2023,2023/24,ES1,La Liga,1050,Villarreal CF,38,14,11,13,65,65,0,53,1.3947,0.3684,8
2023,2023/24,ES1,La Liga,1049,Valencia CF,38,13,10,15,40,45,-5,49,1.2895,0.3421,9
2023,2023/24,ES1,La Liga,1108,Deportivo Alavés,38,12,10,16,36,46,-10,46,1.2105,0.3158,10
2023,2023/24,ES1,La Liga,331,CA Osasuna,38,12,9,17,45,56,-11,45,1.1842,0.3158,11
2023,2023/24,ES1,La Liga,3709,Getafe CF,38,10,13,15,42,54,-12,43,1.1316,0.2632,12
2023,2023/24,ES1,La Liga,368,Sevilla FC,38,10,11,17,48,54,-6,41,1.0789,0.2632,13
2023,2023/24,ES1,La Liga,940,Celta de Vigo,38,10,11,17,46,57,-11,41,1.0789,0.2632,14
2023,2023/24,ES1,La Liga,237,RCD Mallorca,38,8,16,14,33,44,-11,40,1.0526,0.2105,15
2023,2023/24,ES1,La Liga,472,UD Las Palmas,38,10,10,18,33,47,-14,40,1.0526,0.2632,16
2023,2023/24,ES1,La Liga,367,Rayo Vallecano,38,8,14,16,29,48,-19,38,1.0,0.2105,17
2023,2023/24,ES1,La Liga,2687,Cádiz CF,38,6,15,17,26,55,-29,33,0.8684,0.1579,18
2023,2023/24,ES1,La Liga,3302,UD Almería,38,3,12,23,43,75,-32,21,0.5526,0.0789,19
2023,2023/24,ES1,La Liga,16795,Granada CF,38,4,9,25,38,79,-41,21,0.5526,0.1053,20
2023,2023/24,FR1,Ligue 1,583,Paris Saint-Germain,34,22,10,2,81,33,48,76,2.2353,0.6471,1
2023,2023/24,FR1,Ligue 1,162,AS Monaco,34,20,7,7,68,42,26,67,1.9706,0.5882,2
2023,2023/24,FR1,Ligue 1,3911,Stade Brestois 29,34,17,10,7,53,34,19,61,1.7941,0.5,3
2023,2023/24,FR1,Ligue 1,1082,LOSC Lille,34,16,11,7,52,34,18,59,1.7353,0.4706,4
2023,2023/24,FR1,Ligue 1,417,OGC Nice,34,15,10,9,40,29,11,55,1.6176,0.4412,5
2023,2023/24,FR1,Ligue 1,1041,Olympique Lyon,34,16,5,13,49,55,-6,53,1.5588,0.4706,6
2023,2023/24,FR1,Ligue 1,826,RC Lens,34,14,9,11,45,37,8,51,1.5,0.4118,7
2023,2023/24,FR1,Ligue 1,244,Olympique Marseille,34,13,11,10,52,41,11,50,1.4706,0.3824,8
2023,2023/24,FR1,Ligue 1,1421,Stade Reims,34,13,8,13,42,47,-5,47,1.3824,0.3824,9
2023,2023/24,FR1,Ligue 1,273,Stade Rennais FC,34,12,10,12,53,46,7,46,1.3529,0.3529,10
2023,2023/24,FR1,Ligue 1,415,FC Toulouse,34,11,10,13,42,46,-4,43,1.2647,0.3235,11
2023,2023/24,FR1,Ligue 1,969,Montpellier HSC,34,10,12,12,43,48,-5,42,1.2353,0.2941,12
2023,2023/24,FR1,Ligue 1,667,RC Strasbourg Alsace,34,10,9,15,38,50,-12,39,1.1471,0.2941,13
2023,2023/24,FR1,Ligue 1,995,FC Nantes,34,9,6,19,30,55,-25,33,0.9706,0.2647,14
2023,2023/24,FR1,Ligue 1,738,Le Havre AC,34,7,11,16,34,45,-11,32,0.9412,0.2059,15
2023,2023/24,FR1,Ligue 1,347,FC Metz,34,8,5,21,35,58,-23,29,0.8529,0.2353,16
2023,2023/24,FR1,Ligue 1,1158,FC Lorient,34,7,8,19,43,66,-23,29,0.8529,0.2059,17
2023,2023/24,FR1,Ligue 1,3524,Clermont Foot 63,34,5,10,19,26,60,-34,25,0.7353,0.1471,18
2023,2023/24,GB1,Premier League,281,Manchester City,38,28,7,3,96,34,62,91,2.3947,0.7368,1
2023,2023/24,GB1,Premier League,11,Arsenal FC,38,28,5,5,91,29,62,89,2.3421,0.7368,2
2023,2023/24,GB1,Premier League,31,Liverpool FC,38,24,10,4,86,41,45,82,2.1579,0.6316,3
2023,2023/24,GB1,Premier League,405,Aston Villa,38,20,8,10,76,61,15,68,1.7895,0.5263,4
2023,2023/24,GB1,Premier League,148,Tottenham Hotspur,38,20,6,12,74,61,13,66,1.7368,0.5263,5
2023,2023/24,GB1,Premier League,631,Chelsea FC,38,18,9,11,77,63,14,63,1.6579,0.4737,6
2023,2023/24,GB1,Premier League,762,Newcastle United,38,18,6,14,85,62,23,60,1.5789,0.4737,7
2023,2023/24,GB1,Premier League,985,Manchester United,38,18,6,14,57,58,-1,60,1.5789,0.4737,8
2023,2023/24,GB1,Premier League,379,West Ham United,38,14,10,14,60,74,-14,52,1.3684,0.3684,9
2023,2023/24,GB1,Premier League,873,Crystal Palace,38,13,10,15,57,58,-1,49,1.2895,0.3421,10
2023,2023/24,GB1,Premier League,1237,Brighton & Hove Albion,38,12,12,14,55,62,-7,48,1.2632,0.3158,11
2023,2023/24,GB1,Premier League,989,AFC Bournemouth,38,13,9,16,54,67,-13,48,1.2632,0.3421,12
2023,2023/24,GB1,Premier League,931,Fulham FC,38,13,8,17,55,61,-6,47,1.2368,0.3421,13
2023,2023/24,GB1,Premier League,543,Wolverhampton Wanderers,38,13,7,18,50,65,-15,46,1.2105,0.3421,14
2023,2023/24,GB1,Premier League,29,Everton FC,38,13,9,16,40,51,-11,48,1.2632,0.3421,15
2023,2023/24,GB1,Premier League,1148,Brentford FC,38,10,9,19,56,65,-9,39,1.0263,0.2632,16
2023,2023/24,GB1,Premier League,703,Nottingham Forest,38,9,9,20,49,67,-18,36,0.9474,0.2368,17
2023,2023/24,GB1,Premier League,1031,Luton Town,38,6,8,24,52,85,-33,26,0.6842,0.1579,18
2023,2023/24,GB1,Premier League,1132,Burnley FC,38,5,9,24,41,78,-37,24,0.6316,0.1316,19
2023,2023/24,GB1,Premier League,350,Sheffield United,38,3,7,28,35,104,-69,16,0.4211,0.0789,20
2023,2023/24,IT1,Serie A,46,Inter Milan,38,29,7,2,89,22,67,94,2.4737,0.7632,1
2023,2023/24,IT1,Serie A,5,AC Milan,38,22,9,7,76,49,27,75,1.9737,0.5789,2
2023,2023/24,IT1,Serie A,506,Juventus FC,38,19,14,5,54,31,23,71,1.8684,0.5,3
2023,2023/24,IT1,Serie A,1025,Bologna Football Club 1909,38,18,14,6,54,32,22,68,1.7895,0.4737,5
2023,2023/24,IT1,Serie A,800,Atalanta BC,38,21,6,11,72,42,30,69,1.8158,0.5526,6
2023,2023/24,IT1,Serie A,12,Associazione Sportiva Roma,38,18,9,11,65,46,19,63,1.6579,0.4737,6
2023,2023/24,IT1,Serie A,398,Società Sportiva Lazio S.p.A.,38,18,7,13,49,39,10,61,1.6053,0.4737,7
2023,2023/24,IT1,Serie A,430,ACF Fiorentina,38,17,9,12,61,46,15,60,1.5789,0.4474,7
2023,2023/24,IT1,Serie A,416,Torino FC,38,13,14,11,36,36,0,53,1.3947,0.3421,9
2023,2023/24,IT1,Serie A,6195,SSC Napoli,38,13,14,11,55,48,7,53,1.3947,0.3421,10
2023,2023/24,IT1,Serie A,252,Genoa CFC,38,12,13,13,45,45,0,49,1.2895,0.3158,11
2023,2023/24,IT1,Serie A,2919,AC Monza,38,11,12,15,39,51,-12,45,1.1842,0.2895,12
2023,2023/24,IT1,Serie A,276,Hellas Verona,38,9,11,18,38,51,-13,38,1.0,0.2368,13
2023,2023/24,IT1,Serie A,1005,US Lecce,38,8,14,16,32,54,-22,38,1.0,0.2105,14
2023,2023/24,IT1,Serie A,410,Udinese Calcio,38,6,19,13,37,53,-16,37,0.9737,0.1579,15
2023,2023/24,IT1,Serie A,1390,Cagliari Calcio,38,8,12,18,42,68,-26,36,0.9474,0.2105,16
2023,2023/24,IT1,Serie A,749,FC Empoli,38,9,9,20,29,54,-25,36,0.9474,0.2368,17
2023,2023/24,IT1,Serie A,8970,Frosinone Calcio,38,8,11,19,44,69,-25,35,0.9211,0.2105,18
2023,2023/24,IT1,Serie A,6574,US Sassuolo,38,7,9,22,43,75,-32,30,0.7895,0.1842,19
2023,2023/24,IT1,Serie A,380,US Salernitana 1919,38,2,11,25,32,81,-49,17,0.4474,0.0526,20
2024,2024/25,L1,Bundesliga,27,Bayern Munich,34,25,7,2,99,32,67,82,2.4118,0.7353,1
2024,2024/25,L1,Bundesliga,15,Bayer 04 Leverkusen,34,19,12,3,72,43,29,69,2.0294,0.5588,2
2024,2024/25,L1,Bundesliga,24,Eintracht Frankfurt,34,17,9,8,68,46,22,60,1.7647,0.5,3
2024,2024/25,L1,Bundesliga,16,Borussia Dortmund,34,17,6,11,71,51,20,57,1.6765,0.5,4
2024,2024/25,L1,Bundesliga,60,SC Freiburg,34,16,7,11,49,53,-4,55,1.6176,0.4706,5
2024,2024/25,L1,Bundesliga,39,1.FSV Mainz 05,34,14,10,10,55,43,12,52,1.5294,0.4118,6
2024,2024/25,L1,Bundesliga,23826,RB Leipzig,34,13,12,9,53,48,5,51,1.5,0.3824,7
2024,2024/25,L1,Bundesliga,86,SV Werder Bremen,34,14,9,11,54,57,-3,51,1.5,0.4118,8
2024,2024/25,L1,Bundesliga,79,VfB Stuttgart,34,14,8,12,64,53,11,50,1.4706,0.4118,9
2024,2024/25,L1,Bundesliga,18,Borussia Mönchengladbach,34,13,6,15,55,57,-2,45,1.3235,0.3824,10
2024,2024/25,L1,Bundesliga,82,VfL Wolfsburg,34,11,10,13,56,54,2,43,1.2647,0.3235,11
2024,2024/25,L1,Bundesliga,167,FC Augsburg,34,11,10,13,35,51,-16,43,1.2647,0.3235,12
2024,2024/25,L1,Bundesliga,89,1.FC Union Berlin,34,10,10,14,35,51,-16,40,1.1765,0.2941,13
2024,2024/25,L1,Bundesliga,35,FC St. Pauli,34,8,8,18,28,41,-13,32,0.9412,0.2353,14
2024,2024/25,L1,Bundesliga,533,TSG 1899 Hoffenheim,34,7,11,16,46,68,-22,32,0.9412,0.2059,15
2024,2024/25,L1,Bundesliga,2036,1. Fußballclub Heidenheim 1846,34,8,5,21,37,64,-27,29,0.8529,0.2353,16
2024,2024/25,L1,Bundesliga,269,Holstein Kiel,34,6,7,21,49,80,-31,25,0.7353,0.1765,17
2024,2024/25,L1,Bundesliga,80,VfL Bochum,34,6,7,21,33,67,-34,25,0.7353,0.1765,18
2024,2024/25,ES1,La Liga,131,FC Barcelona,38,28,4,6,102,39,63,88,2.3158,0.7368,1
2024,2024/25,ES1,La Liga,418,Real Madrid,38,26,6,6,78,38,40,84,2.2105,0.6842,2
2024,2024/25,ES1,La Liga,13,Atlético de Madrid,38,22,10,6,68,30,38,76,2.0,0.5789,3
2024,2024/25,ES1,La Liga,621,Athletic Bilbao,38,19,13,6,54,29,25,70,1.8421,0.5,4
2024,2024/25,ES1,La Liga,1050,Villarreal CF,38,20,10,8,71,51,20,70,1.8421,0.5263,5
2024,2024/25,ES1,La Liga,150,Real Betis Balompié,38,16,12,10,57,50,7,60,1.5789,0.4211,6
2024,2024/25,ES1,La Liga,940,Celta de Vigo,38,16,7,15,59,57,2,55,1.4474,0.4211,7
2024,2024/25,ES1,La Liga,367,Rayo Vallecano,38,13,13,12,41,45,-4,52,1.3684,0.3421,8
2024,2024/25,ES1,La Liga,331,CA Osasuna,38,12,16,10,48,52,-4,52,1.3684,0.3158,9
2024,2024/25,ES1,La Liga,237,RCD Mallorca,38,13,9,16,35,44,-9,48,1.2632,0.3421,10
2024,2024/25,ES1,La Liga,681,Real Sociedad,38,13,7,18,35,46,-11,46,1.2105,0.3421,11
2024,2024/25,ES1,La Liga,1049,Valencia CF,38,11,13,14,44,54,-10,46,1.2105,0.2895,12
2024,2024/25,ES1,La Liga,3709,Getafe CF,38,11,9,18,34,39,-5,42,1.1053,0.2895,13
2024,2024/25,ES1,La Liga,714,RCD Espanyol Barcelona,38,11,9,18,40,51,-11,42,1.1053,0.2895,14
2024,2024/25,ES1,La Liga,1108,Deportivo Alavés,38,10,12,16,38,48,-10,42,1.1053,0.2632,15
2024,2024/25,ES1,La Liga,12321,Girona FC,38,11,8,19,44,60,-16,41,1.0789,0.2895,16
2024,2024/25,ES1,La Liga,368,Sevilla FC,38,10,11,17,42,55,-13,41,1.0789,0.2632,17
2024,2024/25,ES1,La Liga,1244,CD Leganés,38,9,13,16,39,56,-17,40,1.0526,0.2368,18
2024,2024/25,ES1,La Liga,472,UD Las Palmas,38,8,8,22,40,61,-21,32,0.8421,0.2105,19
2024,2024/25,ES1,La Liga,366,Real Valladolid CF,38,4,4,30,26,90,-64,16,0.4211,0.1053,20
2024,2024/25,FR1,Ligue 1,583,Paris Saint-Germain,34,26,6,2,92,35,57,84,2.4706,0.7647,1
2024,2024/25,FR1,Ligue 1,244,Olympique Marseille,34,20,5,9,74,47,27,65,1.9118,0.5882,2
2024,2024/25,FR1,Ligue 1,162,AS Monaco,34,18,7,9,63,41,22,61,1.7941,0.5294,3
2024,2024/25,FR1,Ligue 1,417,OGC Nice,34,17,9,8,66,41,25,60,1.7647,0.5,4
2024,2024/25,FR1,Ligue 1,1082,LOSC Lille,34,17,9,8,52,36,16,60,1.7647,0.5,5
2024,2024/25,FR1,Ligue 1,1041,Olympique Lyon,34,17,6,11,65,46,19,57,1.6765,0.5,6
2024,2024/25,FR1,Ligue 1,667,RC Strasbourg Alsace,34,16,9,9,56,44,12,57,1.6765,0.4706,7
2024,2024/25,FR1,Ligue 1,826,RC Lens,34,15,7,12,42,39,3,52,1.5294,0.4412,8
2024,2024/25,FR1,Ligue 1,3911,Stade Brestois 29,34,15,5,14,52,59,-7,50,1.4706,0.4412,9
2024,2024/25,FR1,Ligue 1,415,FC Toulouse,34,11,9,14,44,43,1,42,1.2353,0.3235,10
2024,2024/25,FR1,Ligue 1,290,AJ Auxerre,34,11,9,14,48,51,-3,42,1.2353,0.3235,11
2024,2024/25,FR1,Ligue 1,273,Stade Rennais FC,34,13,2,19,51,50,1,41,1.2059,0.3824,12
2024,2024/25,FR1,Ligue 1,995,FC Nantes,34,8,12,14,39,52,-13,36,1.0588,0.2353,13
2024,2024/25,FR1,Ligue 1,1420,Angers SCO,34,10,6,18,32,53,-21,36,1.0588,0.2941,14
2024,2024/25,FR1,Ligue 1,738,Le Havre AC,34,10,4,20,40,71,-31,34,1.0,0.2941,15
2024,2024/25,FR1,Ligue 1,1421,Stade Reims,34,8,9,17,33,47,-14,33,0.9706,0.2353,16
2024,2024/25,FR1,Ligue 1,618,AS Saint-Étienne,34,8,6,20,39,77,-38,30,0.8824,0.2353,17
2024,2024/25,FR1,Ligue 1,969,Montpellier HSC,34,4,4,26,23,79,-56,16,0.4706,0.1176,18
2024,2024/25,GB1,Premier League,31,Liverpool FC,38,25,9,4,86,41,45,84,2.2105,0.6579,1
2024,2024/25,GB1,Premier League,11,Arsenal FC,38,20,14,4,69,34,35,74,1.9474,0.5263,2
2024,2024/25,GB1,Premier League,281,Manchester City,38,21,8,9,72,44,28,71,1.8684,0.5526,3
2024,2024/25,GB1,Premier League,631,Chelsea FC,38,20,9,9,64,43,21,69,1.8158,0.5263,4
2024,2024/25,GB1,Premier League,762,Newcastle United,38,20,6,12,68,47,21,66,1.7368,0.5263,5
2024,2024/25,GB1,Premier League,405,Aston Villa,38,19,9,10,58,51,7,66,1.7368,0.5,6
2024,2024/25,GB1,Premier League,703,Nottingham Forest,38,19,8,11,58,46,12,65,1.7105,0.5,7
2024,2024/25,GB1,Premier League,1237,Brighton & Hove Albion,38,16,13,9,66,59,7,61,1.6053,0.4211,8
2024,2024/25,GB1,Premier League,989,AFC Bournemouth,38,15,11,12,58,46,12,56,1.4737,0.3947,9
2024,2024/25,GB1,Premier League,1148,Brentford FC,38,16,8,14,66,57,9,56,1.4737,0.4211,10
2024,2024/25,GB1,Premier League,931,Fulham FC,38,15,9,14,54,54,0,54,1.4211,0.3947,11
2024,2024/25,GB1,Premier League,873,Crystal Palace,38,13,14,11,51,51,0,53,1.3947,0.3421,12
2024,2024/25,GB1,Premier League,29,Everton FC,38,11,15,12,42,44,-2,48,1.2632,0.2895,13
2024,2024/25,GB1,Premier League,379,West Ham United,38,11,10,17,46,62,-16,43,1.1316,0.2895,14
2024,2024/25,GB1,Premier League,985,Manchester United,38,11,9,18,44,54,-10,42,1.1053,0.2895,15
2024,2024/25,GB1,Premier League,543,Wolverhampton Wanderers,38,12,6,20,54,69,-15,42,1.1053,0.3158,16
2024,2024/25,GB1,Premier League,148,Tottenham Hotspur,38,11,5,22,64,65,-1,38,1.0,0.2895,17
2024,2024/25,GB1,Premier League,1003,Leicester City,38,6,7,25,33,80,-47,25,0.6579,0.1579,18
2024,2024/25,GB1,Premier League,677,Ipswich Town,38,4,10,24,36,82,-46,22,0.5789,0.1053,19
2024,2024/25,GB1,Premier League,180,Southampton FC,38,2,6,30,26,86,-60,12,0.3158,0.0526,20
2024,2024/25,IT1,Serie A,6195,SSC Napoli,38,24,10,4,59,27,32,82,2.1579,0.6316,1
2024,2024/25,IT1,Serie A,46,Inter Milan,38,24,9,5,79,35,44,81,2.1316,0.6316,2
2024,2024/25,IT1,Serie A,800,Atalanta BC,38,22,8,8,78,37,41,74,1.9474,0.5789,3
2024,2024/25,IT1,Serie A,506,Juventus FC,38,18,16,4,58,35,23,70,1.8421,0.4737,4
2024,2024/25,IT1,Serie A,12,Associazione Sportiva Roma,38,20,9,9,56,35,21,69,1.8158,0.5263,5
2024,2024/25,IT1,Serie A,430,ACF Fiorentina,38,19,8,11,60,41,19,65,1.7105,0.5,6
2024,2024/25,IT1,Serie A,398,Società Sportiva Lazio S.p.A.,38,18,11,9,61,49,12,65,1.7105,0.4737,7
2024,2024/25,IT1,Serie A,5,AC Milan,38,18,9,11,61,43,18,63,1.6579,0.4737,8
2024,2024/25,IT1,Serie A,1025,Bologna Football Club 1909,38,16,14,8,57,47,10,62,1.6316,0.4211,9
2024,2024/25,IT1,Serie A,1047,Como 1907,38,13,10,15,49,52,-3,49,1.2895,0.3421,10
2024,2024/25,IT1,Serie A,416,Torino FC,38,10,14,14,39,45,-6,44,1.1579,0.2632,11
2024,2024/25,IT1,Serie A,410,Udinese Calcio,38,12,8,18,41,56,-15,44,1.1579,0.3158,12
2024,2024/25,IT1,Serie A,252,Genoa CFC,38,10,13,15,37,49,-12,43,1.1316,0.2632,13
2024,2024/25,IT1,Serie A,276,Hellas Verona,38,10,7,21,34,66,-32,37,0.9737,0.2632,14
2024,2024/25,IT1,Serie A,1390,Cagliari Calcio,38,9,9,20,40,56,-16,36,0.9474,0.2368,15
2024,2024/25,IT1,Serie A,130,Parma Calcio 1913,38,7,15,16,44,58,-14,36,0.9474,0.1842,16
2024,2024/25,IT1,Serie A,1005,US Lecce,38,8,10,20,27,58,-31,34,0.8947,0.2105,17
2024,2024/25,IT1,Serie A,749,FC Empoli,38,6,13,19,33,59,-26,31,0.8158,0.1579,18
2024,2024/25,IT1,Serie A,607,Venezia FC,38,5,14,19,32,56,-24,29,0.7632,0.1316,19
2024,2024/25,IT1,Serie A,2919,AC Monza,38,3,9,26,28,69,-41,18,0.4737,0.0789,20
2025,2025/26,L1,Bundesliga,27,Bayern Munich,34,28,5,1,122,36,86,89,2.6176,0.8235,1
2025,2025/26,L1,Bundesliga,16,Borussia Dortmund,34,22,7,5,70,34,36,73,2.1471,0.6471,2
2025,2025/26,L1,Bundesliga,23826,RB Leipzig,34,20,5,9,66,47,19,65,1.9118,0.5882,3
2025,2025/26,L1,Bundesliga,79,VfB Stuttgart,34,18,8,8,71,49,22,62,1.8235,0.5294,4
2025,2025/26,L1,Bundesliga,533,TSG 1899 Hoffenheim,34,18,7,9,65,52,13,61,1.7941,0.5294,5
2025,2025/26,L1,Bundesliga,15,Bayer 04 Leverkusen,34,17,8,9,68,47,21,59,1.7353,0.5,6
2025,2025/26,L1,Bundesliga,60,SC Freiburg,34,13,8,13,51,57,-6,47,1.3824,0.3824,7
2025,2025/26,L1,Bundesliga,24,Eintracht Frankfurt,34,11,11,12,61,65,-4,44,1.2941,0.3235,8
2025,2025/26,L1,Bundesliga,167,FC Augsburg,34,12,7,15,45,61,-16,43,1.2647,0.3529,9
2025,2025/26,L1,Bundesliga,39,1.FSV Mainz 05,34,10,10,14,44,53,-9,40,1.1765,0.2941,10
2025,2025/26,L1,Bundesliga,89,1.FC Union Berlin,34,10,9,15,44,58,-14,39,1.1471,0.2941,11
2025,2025/26,L1,Bundesliga,18,Borussia Mönchengladbach,34,9,11,14,42,53,-11,38,1.1176,0.2647,12
2025,2025/26,L1,Bundesliga,41,Hamburger SV,34,9,11,14,40,54,-14,38,1.1176,0.2647,13
2025,2025/26,L1,Bundesliga,3,1.FC Köln,34,7,11,16,49,63,-14,32,0.9412,0.2059,14
2025,2025/26,L1,Bundesliga,86,SV Werder Bremen,34,8,8,18,37,60,-23,32,0.9412,0.2353,15
2025,2025/26,L1,Bundesliga,82,VfL Wolfsburg,34,7,8,19,45,69,-24,29,0.8529,0.2059,16
2025,2025/26,L1,Bundesliga,2036,1. Fußballclub Heidenheim 1846,34,6,8,20,41,72,-31,26,0.7647,0.1765,17
2025,2025/26,L1,Bundesliga,35,FC St. Pauli,34,6,8,20,29,60,-31,26,0.7647,0.1765,18
2025,2025/26,ES1,La Liga,131,FC Barcelona,38,31,1,6,95,36,59,94,2.4737,0.8158,1
2025,2025/26,ES1,La Liga,418,Real Madrid,38,27,5,6,77,35,42,86,2.2632,0.7105,2
2025,2025/26,ES1,La Liga,1050,Villarreal CF,38,22,6,10,72,46,26,72,1.8947,0.5789,3
2025,2025/26,ES1,La Liga,13,Atlético de Madrid,38,21,6,11,62,44,18,69,1.8158,0.5526,4
2025,2025/26,ES1,La Liga,150,Real Betis Balompié,38,15,15,8,59,48,11,60,1.5789,0.3947,5
2025,2025/26,ES1,La Liga,940,Celta de Vigo,38,14,12,12,53,48,5,54,1.4211,0.3684,6
2025,2025/26,ES1,La Liga,3709,Getafe CF,38,15,6,17,32,38,-6,51,1.3421,0.3947,7
2025,2025/26,ES1,La Liga,367,Rayo Vallecano,38,12,14,12,41,44,-3,50,1.3158,0.3158,8
2025,2025/26,ES1,La Liga,1049,Valencia CF,38,13,10,15,46,55,-9,49,1.2895,0.3421,9
2025,2025/26,ES1,La Liga,681,Real Sociedad,38,11,13,14,59,61,-2,46,1.2105,0.2895,10
2025,2025/26,ES1,La Liga,714,RCD Espanyol Barcelona,38,12,10,16,43,55,-12,46,1.2105,0.3158,11
2025,2025/26,ES1,La Liga,621,Athletic Bilbao,38,13,6,19,43,58,-15,45,1.1842,0.3421,12
2025,2025/26,ES1,La Liga,368,Sevilla FC,38,12,7,19,46,60,-14,43,1.1316,0.3158,13
2025,2025/26,ES1,La Liga,1108,Deportivo Alavés,38,11,10,17,44,56,-12,43,1.1316,0.2895,14
2025,2025/26,ES1,La Liga,1531,Elche CF,38,10,13,15,49,57,-8,43,1.1316,0.2632,15
2025,2025/26,ES1,La Liga,3368,Levante UD,38,11,9,18,47,61,-14,42,1.1053,0.2895,16
2025,2025/26,ES1,La Liga,331,CA Osasuna,38,11,9,18,44,50,-6,42,1.1053,0.2895,17
2025,2025/26,ES1,La Liga,237,RCD Mallorca,38,11,9,18,47,57,-10,42,1.1053,0.2895,18
2025,2025/26,ES1,La Liga,12321,Girona FC,38,9,14,15,39,55,-16,41,1.0789,0.2368,19
2025,2025/26,ES1,La Liga,2497,Real Oviedo,38,6,11,21,26,60,-34,29,0.7632,0.1579,20
2025,2025/26,FR1,Ligue 1,583,Paris Saint-Germain,34,24,4,6,74,29,45,76,2.2353,0.7059,1
2025,2025/26,FR1,Ligue 1,826,RC Lens,34,22,4,8,66,35,31,70,2.0588,0.6471,2
2025,2025/26,FR1,Ligue 1,1082,LOSC Lille,34,18,7,9,52,37,15,61,1.7941,0.5294,3
2025,2025/26,FR1,Ligue 1,1041,Olympique Lyon,34,18,6,10,53,40,13,60,1.7647,0.5294,4
2025,2025/26,FR1,Ligue 1,244,Olympique Marseille,34,18,5,11,63,45,18,59,1.7353,0.5294,5
2025,2025/26,FR1,Ligue 1,273,Stade Rennais FC,34,17,8,9,59,50,9,59,1.7353,0.5,6
2025,2025/26,FR1,Ligue 1,162,AS Monaco,34,16,6,12,60,54,6,54,1.5882,0.4706,7
2025,2025/26,FR1,Ligue 1,667,RC Strasbourg Alsace,34,15,8,11,58,47,11,53,1.5588,0.4412,8
2025,2025/26,FR1,Ligue 1,415,FC Toulouse,34,12,9,13,47,46,1,45,1.3235,0.3529,9
2025,2025/26,FR1,Ligue 1,1158,FC Lorient,34,11,12,11,48,51,-3,45,1.3235,0.3235,10
2025,2025/26,FR1,Ligue 1,10004,Paris FC,34,11,11,12,47,50,-3,44,1.2941,0.3235,11
2025,2025/26,FR1,Ligue 1,3911,Stade Brestois 29,34,10,9,15,43,55,-12,39,1.1471,0.2941,12
2025,2025/26,FR1,Ligue 1,1420,Angers SCO,34,9,9,16,29,48,-19,36,1.0588,0.2647,13
2025,2025/26,FR1,Ligue 1,738,Le Havre AC,34,7,14,13,32,44,-12,35,1.0294,0.2059,14
2025,2025/26,FR1,Ligue 1,290,AJ Auxerre,34,8,10,16,34,44,-10,34,1.0,0.2353,15
2025,2025/26,FR1,Ligue 1,417,OGC Nice,34,7,11,16,37,60,-23,32,0.9412,0.2059,16
2025,2025/26,FR1,Ligue 1,995,FC Nantes,34,5,9,20,29,52,-23,24,0.7059,0.1471,17
2025,2025/26,FR1,Ligue 1,347,FC Metz,34,3,8,23,32,76,-44,17,0.5,0.0882,18
2025,2025/26,GB1,Premier League,11,Arsenal FC,38,26,7,5,71,27,44,85,2.2368,0.6842,1
2025,2025/26,GB1,Premier League,281,Manchester City,38,23,9,6,77,35,42,78,2.0526,0.6053,2
2025,2025/26,GB1,Premier League,985,Manchester United,38,20,11,7,69,50,19,71,1.8684,0.5263,3
2025,2025/26,GB1,Premier League,405,Aston Villa,38,19,8,11,56,49,7,65,1.7105,0.5,4
2025,2025/26,GB1,Premier League,31,Liverpool FC,38,17,9,12,63,53,10,60,1.5789,0.4474,5
2025,2025/26,GB1,Premier League,989,AFC Bournemouth,38,13,18,7,58,54,4,57,1.5,0.3421,6
2025,2025/26,GB1,Premier League,289,Sunderland AFC,38,14,12,12,42,48,-6,54,1.4211,0.3684,7
2025,2025/26,GB1,Premier League,1237,Brighton & Hove Albion,38,14,11,13,52,46,6,53,1.3947,0.3684,8
2025,2025/26,GB1,Premier League,1148,Brentford FC,38,14,11,13,55,52,3,53,1.3947,0.3684,9
2025,2025/26,GB1,Premier League,631,Chelsea FC,38,14,10,14,58,52,6,52,1.3684,0.3684,10
2025,2025/26,GB1,Premier League,931,Fulham FC,38,15,7,16,47,51,-4,52,1.3684,0.3947,11
2025,2025/26,GB1,Premier League,762,Newcastle United,38,14,7,17,53,55,-2,49,1.2895,0.3684,12
2025,2025/26,GB1,Premier League,29,Everton FC,38,13,10,15,47,50,-3,49,1.2895,0.3421,13
2025,2025/26,GB1,Premier League,399,Leeds United,38,11,14,13,49,56,-7,47,1.2368,0.2895,14
2025,2025/26,GB1,Premier League,873,Crystal Palace,38,11,12,15,41,51,-10,45,1.1842,0.2895,15
2025,2025/26,GB1,Premier League,703,Nottingham Forest,38,11,11,16,48,51,-3,44,1.1579,0.2895,16
2025,2025/26,GB1,Premier League,148,Tottenham Hotspur,38,10,11,17,48,57,-9,41,1.0789,0.2632,17
2025,2025/26,GB1,Premier League,379,West Ham United,38,10,9,19,46,65,-19,39,1.0263,0.2632,18
2025,2025/26,GB1,Premier League,1132,Burnley FC,38,4,10,24,38,75,-37,22,0.5789,0.1053,19
2025,2025/26,GB1,Premier League,543,Wolverhampton Wanderers,38,3,11,24,27,68,-41,20,0.5263,0.0789,20
2025,2025/26,IT1,Serie A,46,Inter Milan,38,27,6,5,89,35,54,87,2.2895,0.7105,1
2025,2025/26,IT1,Serie A,6195,SSC Napoli,38,23,7,8,58,36,22,76,2.0,0.6053,2
2025,2025/26,IT1,Serie A,12,Associazione Sportiva Roma,38,23,4,11,59,31,28,73,1.9211,0.6053,3
2025,2025/26,IT1,Serie A,1047,Como 1907,38,20,11,7,65,29,36,71,1.8684,0.5263,4
2025,2025/26,IT1,Serie A,5,AC Milan,38,20,10,8,53,35,18,70,1.8421,0.5263,5
2025,2025/26,IT1,Serie A,506,Juventus FC,38,19,12,7,61,34,27,69,1.8158,0.5,6
2025,2025/26,IT1,Serie A,800,Atalanta BC,38,15,14,9,51,36,15,59,1.5526,0.3947,7
2025,2025/26,IT1,Serie A,1025,Bologna Football Club 1909,38,16,8,14,49,46,3,56,1.4737,0.4211,8
2025,2025/26,IT1,Serie A,398,Società Sportiva Lazio S.p.A.,38,14,12,12,41,40,1,54,1.4211,0.3684,9
2025,2025/26,IT1,Serie A,410,Udinese Calcio,38,14,8,16,45,48,-3,50,1.3158,0.3684,10
2025,2025/26,IT1,Serie A,6574,US Sassuolo,38,14,7,17,46,50,-4,49,1.2895,0.3684,11
2025,2025/26,IT1,Serie A,416,Torino FC,38,12,9,17,44,63,-19,45,1.1842,0.3158,12
2025,2025/26,IT1,Serie A,130,Parma Calcio 1913,38,11,12,15,28,46,-18,45,1.1842,0.2895,13
2025,2025/26,IT1,Serie A,1390,Cagliari Calcio,38,11,10,17,40,53,-13,43,1.1316,0.2895,14
2025,2025/26,IT1,Serie A,430,ACF Fiorentina,38,9,15,14,41,50,-9,42,1.1053,0.2368,15
2025,2025/26,IT1,Serie A,252,Genoa CFC,38,10,11,17,41,51,-10,41,1.0789,0.2632,16
2025,2025/26,IT1,Serie A,1005,US Lecce,38,10,8,20,28,50,-22,38,1.0,0.2632,17
2025,2025/26,IT1,Serie A,2239,US Cremonese,38,8,10,20,32,57,-25,34,0.8947,0.2105,18
2025,2025/26,IT1,Serie A,276,Hellas Verona,38,3,12,23,25,61,-36,21,0.5526,0.0789,19
2025,2025/26,IT1,Serie A,4172,Pisa Sporting Club,38,2,12,24,26,71,-45,18,0.4737,0.0526,20
