season,season_label,snapshot_date,competition_id,league_name,club_id,club_name,squad_market_value_eur,valued_player_count,average_player_value_eur,median_player_value_eur,average_snapshot_distance_days
2016,2016/17,2016-09-01,L1,Bundesliga,27,Bayern Munich,524825000,28,18743750.0,8500000.0,36.36
2016,2016/17,2016-09-01,L1,Bundesliga,16,Borussia Dortmund,274325000,34,8068382.352941177,4000000.0,44.65
2016,2016/17,2016-09-01,L1,Bundesliga,15,Bayer 04 Leverkusen,229300000,43,5332558.139534884,800000.0,43.49
2016,2016/17,2016-09-01,L1,Bundesliga,82,VfL Wolfsburg,163725000,44,3721022.727272727,1500000.0,43.86
2016,2016/17,2016-09-01,L1,Bundesliga,33,FC Schalke 04,150500000,37,4067567.5675675673,750000.0,45.03
2016,2016/17,2016-09-01,L1,Bundesliga,18,Borussia Mönchengladbach,148175000,38,3899342.1052631577,1000000.0,43.63
2016,2016/17,2016-09-01,L1,Bundesliga,44,Hertha BSC,100425000,39,2575000.0,1000000.0,39.23
2016,2016/17,2016-09-01,L1,Bundesliga,533,TSG 1899 Hoffenheim,92775000,41,2262804.8780487804,1300000.0,43.32
2016,2016/17,2016-09-01,L1,Bundesliga,167,FC Augsburg,83975000,54,1555092.5925925926,750000.0,43.8
2016,2016/17,2016-09-01,L1,Bundesliga,24,Eintracht Frankfurt,79450000,49,1621428.5714285714,1000000.0,44.96
2016,2016/17,2016-09-01,L1,Bundesliga,39,1.FSV Mainz 05,77250000,42,1839285.7142857143,725000.0,42.81
2016,2016/17,2016-09-01,L1,Bundesliga,3,1.FC Köln,76750000,34,2257352.9411764704,1000000.0,42.35
2016,2016/17,2016-09-01,L1,Bundesliga,60,SC Freiburg,53575000,46,1164673.9130434783,825000.0,42.13
2016,2016/17,2016-09-01,L1,Bundesliga,86,SV Werder Bremen,51825000,43,1205232.558139535,500000.0,43.35
2016,2016/17,2016-09-01,L1,Bundesliga,23826,RB Leipzig,51775000,22,2353409.090909091,1625000.0,40.82
2016,2016/17,2016-09-01,L1,Bundesliga,41,Hamburger SV,40675000,35,1162142.857142857,400000.0,43.8
2016,2016/17,2016-09-01,L1,Bundesliga,4795,FC Ingolstadt 04,31325000,28,1118750.0,775000.0,43.32
2016,2016/17,2016-09-01,L1,Bundesliga,105,SV Darmstadt 98,15625000,26,600961.5384615385,500000.0,43.42
2016,2016/17,2016-09-01,ES1,La Liga,418,Real Madrid,789500000,26,30365384.615384616,20000000.0,45.38
2016,2016/17,2016-09-01,ES1,La Liga,131,FC Barcelona,655000000,25,26200000.0,15000000.0,51.24
2016,2016/17,2016-09-01,ES1,La Liga,13,Atlético de Madrid,424925000,36,11803472.222222222,5000000.0,45.89
2016,2016/17,2016-09-01,ES1,La Liga,1049,Valencia CF,171650000,28,6130357.142857143,3000000.0,44.54
2016,2016/17,2016-09-01,ES1,La Liga,681,Real Sociedad,167500000,35,4785714.285714285,2000000.0,46.46
2016,2016/17,2016-09-01,ES1,La Liga,368,Sevilla FC,151550000,27,5612962.962962963,5000000.0,47.04
2016,2016/17,2016-09-01,ES1,La Liga,1050,Villarreal CF,141550000,32,4423437.5,1250000.0,41.38
2016,2016/17,2016-09-01,ES1,La Liga,621,Athletic Bilbao,137300000,35,3922857.1428571427,1200000.0,43.89
2016,2016/17,2016-09-01,ES1,La Liga,940,Celta de Vigo,114050000,41,2781707.3170731706,1000000.0,41.22
2016,2016/17,2016-09-01,ES1,La Liga,150,Real Betis Balompié,79325000,41,1934756.0975609757,900000.0,39.9
2016,2016/17,2016-09-01,ES1,La Liga,714,RCD Espanyol Barcelona,68850000,51,1350000.0,700000.0,43.16
2016,2016/17,2016-09-01,ES1,La Liga,1533,SD Eibar,63550000,48,1323958.3333333333,800000.0,43.62
2016,2016/17,2016-09-01,ES1,La Liga,1084,Málaga CF,53800000,30,1793333.3333333333,1100000.0,47.07
2016,2016/17,2016-09-01,ES1,La Liga,897,Deportivo de La Coruña,48100000,27,1781481.4814814816,1000000.0,41.74
2016,2016/17,2016-09-01,ES1,La Liga,472,UD Las Palmas,41800000,27,1548148.148148148,900000.0,43.11
2016,2016/17,2016-09-01,ES1,La Liga,331,CA Osasuna,40450000,46,879347.8260869565,550000.0,41.39
2016,2016/17,2016-09-01,ES1,La Liga,16795,Granada CF,38400000,36,1066666.6666666667,650000.0,45.56
2016,2016/17,2016-09-01,ES1,La Liga,2448,Sporting Gijón,31850000,19,1676315.7894736843,1500000.0,45.79
2016,2016/17,2016-09-01,ES1,La Liga,1244,CD Leganés,30750000,22,1397727.2727272727,650000.0,44.27
2016,2016/17,2016-09-01,ES1,La Liga,1108,Deportivo Alavés,29900000,22,1359090.9090909092,1000000.0,44.5
2016,2016/17,2016-09-01,FR1,Ligue 1,583,Paris Saint-Germain,330400000,27,12237037.037037037,7000000.0,50.96
2016,2016/17,2016-09-01,FR1,Ligue 1,162,AS Monaco,186900000,27,6922222.222222222,3500000.0,49.04
2016,2016/17,2016-09-01,FR1,Ligue 1,1041,Olympique Lyon,165500000,29,5706896.551724138,2500000.0,53.72
2016,2016/17,2016-09-01,FR1,Ligue 1,40,FC Girondins Bordeaux,76725000,31,2475000.0,1250000.0,49.87
2016,2016/17,2016-09-01,FR1,Ligue 1,618,AS Saint-Étienne,72450000,21,3450000.0,2500000.0,47.19
2016,2016/17,2016-09-01,FR1,Ligue 1,1082,LOSC Lille,64050000,21,3050000.0,2000000.0,51.76
2016,2016/17,2016-09-01,FR1,Ligue 1,415,FC Toulouse,55825000,33,1691666.6666666667,1250000.0,53.85
2016,2016/17,2016-09-01,FR1,Ligue 1,273,Stade Rennais FC,55225000,31,1781451.6129032257,1250000.0,55.26
2016,2016/17,2016-09-01,FR1,Ligue 1,244,Olympique Marseille,49500000,25,1980000.0,1000000.0,52.96
2016,2016/17,2016-09-01,FR1,Ligue 1,995,FC Nantes,46975000,34,1381617.6470588236,1000000.0,48.62
2016,2016/17,2016-09-01,FR1,Ligue 1,1420,Angers SCO,45200000,42,1076190.4761904762,750000.0,51.57
2016,2016/17,2016-09-01,FR1,Ligue 1,417,OGC Nice,44500000,24,1854166.6666666667,850000.0,55.17
2016,2016/17,2016-09-01,FR1,Ligue 1,347,FC Metz,43375000,45,963888.8888888889,800000.0,46.31
2016,2016/17,2016-09-01,FR1,Ligue 1,1162,SM Caen,36750000,29,1267241.3793103448,800000.0,49.93
2016,2016/17,2016-09-01,FR1,Ligue 1,969,Montpellier HSC,31000000,32,968750.0,600000.0,55.31
2016,2016/17,2016-09-01,FR1,Ligue 1,2969,Dijon FCO,30300000,28,1082142.857142857,800000.0,51.0
2016,2016/17,2016-09-01,FR1,Ligue 1,1158,FC Lorient,29700000,31,958064.5161290322,600000.0,52.29
2016,2016/17,2016-09-01,FR1,Ligue 1,855,EA Guingamp,22800000,27,844444.4444444445,500000.0,45.63
2016,2016/17,2016-09-01,FR1,Ligue 1,1159,AS Nancy-Lorraine,22400000,24,933333.3333333334,1000000.0,51.33
2016,2016/17,2016-09-01,FR1,Ligue 1,595,SC Bastia,19875000,28,709821.4285714285,500000.0,52.61
2016,2016/17,2016-09-01,GB1,Premier League,985,Manchester United,467950000,35,13370000.0,10000000.0,28.74
2016,2016/17,2016-09-01,GB1,Premier League,148,Tottenham Hotspur,374850000,29,12925862.068965517,13000000.0,36.34
2016,2016/17,2016-09-01,GB1,Premier League,631,Chelsea FC,355550000,39,9116666.666666666,4500000.0,32.36
2016,2016/17,2016-09-01,GB1,Premier League,31,Liverpool FC,340550000,32,10642187.5,10000000.0,40.19
2016,2016/17,2016-09-01,GB1,Premier League,11,Arsenal FC,298900000,30,9963333.333333334,8000000.0,35.17
2016,2016/17,2016-09-01,GB1,Premier League,281,Manchester City,289350000,21,13778571.42857143,4000000.0,36.43
2016,2016/17,2016-09-01,GB1,Premier League,29,Everton FC,222000000,23,9652173.913043479,8000000.0,34.78
2016,2016/17,2016-09-01,GB1,Premier League,1003,Leicester City,196950000,40,4923750.0,2250000.0,34.48
2016,2016/17,2016-09-01,GB1,Premier League,180,Southampton FC,182350000,33,5525757.575757576,3000000.0,38.73
2016,2016/17,2016-09-01,GB1,Premier League,379,West Ham United,156700000,32,4896875.0,2750000.0,31.62
2016,2016/17,2016-09-01,GB1,Premier League,873,Crystal Palace,147200000,48,3066666.6666666665,1250000.0,39.04
2016,2016/17,2016-09-01,GB1,Premier League,984,West Bromwich Albion,135750000,44,3085227.272727273,1750000.0,38.73
2016,2016/17,2016-09-01,GB1,Premier League,512,Stoke City,114800000,22,5218181.818181818,2500000.0,42.05
2016,2016/17,2016-09-01,GB1,Premier League,1010,Watford FC,113125000,31,3649193.5483870967,3000000.0,28.77
2016,2016/17,2016-09-01,GB1,Premier League,2288,Swansea City,102825000,28,3672321.4285714286,2250000.0,36.61
2016,2016/17,2016-09-01,GB1,Premier League,1132,Burnley FC,88750000,34,2610294.117647059,1750000.0,27.24
2016,2016/17,2016-09-01,GB1,Premier League,989,AFC Bournemouth,81300000,29,2803448.275862069,2000000.0,25.52
2016,2016/17,2016-09-01,GB1,Premier League,641,Middlesbrough FC,70500000,24,2937500.0,2000000.0,28.79
2016,2016/17,2016-09-01,GB1,Premier League,3008,Hull City,59350000,27,2198148.1481481483,1500000.0,33.52
2016,2016/17,2016-09-01,GB1,Premier League,289,Sunderland AFC,53825000,29,1856034.4827586208,1500000.0,35.41
2016,2016/17,2016-09-01,IT1,Serie A,506,Juventus FC,439625000,51,8620098.039215686,300000.0,63.24
2016,2016/17,2016-09-01,IT1,Serie A,6195,SSC Napoli,265375000,52,5103365.384615385,875000.0,60.17
2016,2016/17,2016-09-01,IT1,Serie A,46,Inter Milan,243700000,57,4275438.596491228,300000.0,64.72
2016,2016/17,2016-09-01,IT1,Serie A,5,AC Milan,218925000,51,4292647.05882353,750000.0,61.39
2016,2016/17,2016-09-01,IT1,Serie A,12,Associazione Sportiva Roma,206950000,62,3337903.2258064514,212500.0,63.31
2016,2016/17,2016-09-01,IT1,Serie A,398,Società Sportiva Lazio S.p.A.,162750000,65,2503846.153846154,400000.0,60.51
2016,2016/17,2016-09-01,IT1,Serie A,1390,Cagliari Calcio,136600000,66,2069696.9696969697,375000.0,62.12
2016,2016/17,2016-09-01,IT1,Serie A,1038,UC Sampdoria,130425000,81,1610185.1851851852,350000.0,62.68
2016,2016/17,2016-09-01,IT1,Serie A,430,ACF Fiorentina,122475000,47,2605851.063829787,500000.0,64.72
2016,2016/17,2016-09-01,IT1,Serie A,1025,Bologna Football Club 1909,115450000,77,1499350.6493506494,250000.0,60.27
2016,2016/17,2016-09-01,IT1,Serie A,252,Genoa CFC,112425000,92,1222010.8695652173,150000.0,64.22
2016,2016/17,2016-09-01,IT1,Serie A,410,Udinese Calcio,97125000,73,1330479.4520547944,300000.0,60.26
2016,2016/17,2016-09-01,IT1,Serie A,6574,US Sassuolo,94425000,63,1498809.5238095238,150000.0,69.71
2016,2016/17,2016-09-01,IT1,Serie A,416,Torino FC,83325000,67,1243656.7164179105,150000.0,68.72
2016,2016/17,2016-09-01,IT1,Serie A,800,Atalanta BC,74375000,88,845170.4545454546,150000.0,65.85
2016,2016/17,2016-09-01,IT1,Serie A,749,FC Empoli,51350000,61,841803.2786885246,200000.0,66.54
2016,2016/17,2016-09-01,IT1,Serie A,458,Palermo FC,49275000,48,1026562.5,600000.0,54.4
2016,2016/17,2016-09-01,IT1,Serie A,862,Chievo Verona,46225000,76,608223.6842105263,212500.0,67.42
2016,2016/17,2016-09-01,IT1,Serie A,2921,Delfino Pescara 1936,39475000,59,669067.7966101695,200000.0,71.41
2016,2016/17,2016-09-01,IT1,Serie A,4083,FC Crotone,30625000,36,850694.4444444445,525000.0,64.83
2017,2017/18,2017-09-01,L1,Bundesliga,27,Bayern Munich,522450000,31,16853225.80645161,2250000.0,55.55
2017,2017/18,2017-09-01,L1,Bundesliga,16,Borussia Dortmund,420275000,37,11358783.783783784,5000000.0,59.97
2017,2017/18,2017-09-01,L1,Bundesliga,15,Bayer 04 Leverkusen,246925000,42,5879166.666666667,562500.0,68.81
2017,2017/18,2017-09-01,L1,Bundesliga,23826,RB Leipzig,224700000,23,9769565.217391305,5000000.0,60.52
2017,2017/18,2017-09-01,L1,Bundesliga,33,FC Schalke 04,183775000,40,4594375.0,1750000.0,65.42
2017,2017/18,2017-09-01,L1,Bundesliga,82,VfL Wolfsburg,166725000,48,3473437.5,1500000.0,62.17
2017,2017/18,2017-09-01,L1,Bundesliga,18,Borussia Mönchengladbach,160700000,41,3919512.1951219514,650000.0,65.37
2017,2017/18,2017-09-01,L1,Bundesliga,44,Hertha BSC,138600000,45,3080000.0,1000000.0,57.13
2017,2017/18,2017-09-01,L1,Bundesliga,533,TSG 1899 Hoffenheim,134775000,39,3455769.230769231,500000.0,57.74
2017,2017/18,2017-09-01,L1,Bundesliga,3,1.FC Köln,121675000,39,3119871.794871795,900000.0,64.03
2017,2017/18,2017-09-01,L1,Bundesliga,60,SC Freiburg,85500000,47,1819148.9361702127,1000000.0,66.81
2017,2017/18,2017-09-01,L1,Bundesliga,24,Eintracht Frankfurt,80700000,51,1582352.9411764706,700000.0,68.18
2017,2017/18,2017-09-01,L1,Bundesliga,167,FC Augsburg,78150000,56,1395535.7142857143,750000.0,60.27
2017,2017/18,2017-09-01,L1,Bundesliga,86,SV Werder Bremen,76425000,43,1777325.5813953488,750000.0,63.35
2017,2017/18,2017-09-01,L1,Bundesliga,79,VfB Stuttgart,75475000,41,1840853.6585365853,1000000.0,53.59
2017,2017/18,2017-09-01,L1,Bundesliga,39,1.FSV Mainz 05,57350000,40,1433750.0,1125000.0,66.6
2017,2017/18,2017-09-01,L1,Bundesliga,41,Hamburger SV,55050000,36,1529166.6666666667,500000.0,60.58
2017,2017/18,2017-09-01,L1,Bundesliga,42,Hannover 96,41600000,42,990476.1904761905,225000.0,53.31
2017,2017/18,2017-09-01,ES1,La Liga,418,Real Madrid,811050000,26,31194230.769230768,27500000.0,68.46
2017,2017/18,2017-09-01,ES1,La Liga,131,FC Barcelona,569500000,22,25886363.636363637,19000000.0,78.14
2017,2017/18,2017-09-01,ES1,La Liga,13,Atlético de Madrid,425050000,40,10626250.0,450000.0,62.48
2017,2017/18,2017-09-01,ES1,La Liga,368,Sevilla FC,218450000,30,7281666.666666667,5000000.0,66.37
2017,2017/18,2017-09-01,ES1,La Liga,681,Real Sociedad,214325000,40,5358125.0,1750000.0,69.15
2017,2017/18,2017-09-01,ES1,La Liga,1050,Villarreal CF,182850000,36,5079166.666666667,1500000.0,66.75
2017,2017/18,2017-09-01,ES1,La Liga,621,Athletic Bilbao,163500000,33,4954545.454545454,1000000.0,71.73
2017,2017/18,2017-09-01,ES1,La Liga,1049,Valencia CF,144400000,29,4979310.344827586,2500000.0,72.83
2017,2017/18,2017-09-01,ES1,La Liga,940,Celta de Vigo,125025000,43,2907558.1395348837,1200000.0,69.51
2017,2017/18,2017-09-01,ES1,La Liga,714,RCD Espanyol Barcelona,85600000,52,1646153.8461538462,750000.0,71.5
2017,2017/18,2017-09-01,ES1,La Liga,150,Real Betis Balompié,84625000,52,1627403.8461538462,325000.0,52.25
2017,2017/18,2017-09-01,ES1,La Liga,472,UD Las Palmas,81300000,33,2463636.3636363638,1000000.0,62.58
2017,2017/18,2017-09-01,ES1,La Liga,3368,Levante UD,77000000,46,1673913.043478261,750000.0,61.54
2017,2017/18,2017-09-01,ES1,La Liga,1108,Deportivo Alavés,74500000,29,2568965.5172413792,1500000.0,64.69
2017,2017/18,2017-09-01,ES1,La Liga,1533,SD Eibar,72950000,50,1459000.0,550000.0,64.34
2017,2017/18,2017-09-01,ES1,La Liga,1084,Málaga CF,54700000,28,1953571.4285714286,1250000.0,75.0
2017,2017/18,2017-09-01,ES1,La Liga,1244,CD Leganés,52900000,32,1653125.0,1350000.0,75.91
2017,2017/18,2017-09-01,ES1,La Liga,3709,Getafe CF,48100000,47,1023404.2553191489,500000.0,58.94
2017,2017/18,2017-09-01,ES1,La Liga,897,Deportivo de La Coruña,40500000,33,1227272.7272727273,800000.0,67.27
2017,2017/18,2017-09-01,ES1,La Liga,12321,Girona FC,30700000,21,1461904.761904762,1000000.0,59.67
2017,2017/18,2017-09-01,FR1,Ligue 1,583,Paris Saint-Germain,609700000,26,23450000.0,10000000.0,80.35
2017,2017/18,2017-09-01,FR1,Ligue 1,162,AS Monaco,228200000,23,9921739.130434783,4500000.0,78.83
2017,2017/18,2017-09-01,FR1,Ligue 1,1041,Olympique Lyon,141600000,29,4882758.620689655,2000000.0,68.21
2017,2017/18,2017-09-01,FR1,Ligue 1,40,FC Girondins Bordeaux,112200000,35,3205714.285714286,1500000.0,73.54
2017,2017/18,2017-09-01,FR1,Ligue 1,417,OGC Nice,98700000,33,2990909.090909091,800000.0,79.21
2017,2017/18,2017-09-01,FR1,Ligue 1,244,Olympique Marseille,96650000,32,3020312.5,1125000.0,82.22
2017,2017/18,2017-09-01,FR1,Ligue 1,618,AS Saint-Étienne,86625000,28,3093750.0,2500000.0,75.5
2017,2017/18,2017-09-01,FR1,Ligue 1,1082,LOSC Lille,83750000,31,2701612.9032258065,1750000.0,67.32
2017,2017/18,2017-09-01,FR1,Ligue 1,415,FC Toulouse,82775000,36,2299305.5555555555,1125000.0,78.22
2017,2017/18,2017-09-01,FR1,Ligue 1,273,Stade Rennais FC,70800000,33,2145454.5454545454,1000000.0,77.82
2017,2017/18,2017-09-01,FR1,Ligue 1,995,FC Nantes,70475000,37,1904729.7297297297,1500000.0,74.3
2017,2017/18,2017-09-01,FR1,Ligue 1,1420,Angers SCO,54350000,41,1325609.756097561,1000000.0,81.51
2017,2017/18,2017-09-01,FR1,Ligue 1,347,FC Metz,43850000,41,1069512.1951219512,800000.0,77.24
2017,2017/18,2017-09-01,FR1,Ligue 1,2969,Dijon FCO,38250000,31,1233870.9677419355,1000000.0,82.48
2017,2017/18,2017-09-01,FR1,Ligue 1,1162,SM Caen,36300000,36,1008333.3333333334,700000.0,80.83
2017,2017/18,2017-09-01,FR1,Ligue 1,969,Montpellier HSC,35675000,34,1049264.705882353,600000.0,77.65
2017,2017/18,2017-09-01,FR1,Ligue 1,855,EA Guingamp,29250000,28,1044642.8571428572,600000.0,82.39
2017,2017/18,2017-09-01,FR1,Ligue 1,667,RC Strasbourg Alsace,27650000,22,1256818.1818181819,650000.0,78.09
2017,2017/18,2017-09-01,FR1,Ligue 1,1095,ESTAC Troyes,26800000,30,893333.3333333334,800000.0,77.37
2017,2017/18,2017-09-01,FR1,Ligue 1,1416,Amiens SC,15925000,28,568750.0,500000.0,71.14
2017,2017/18,2017-09-01,GB1,Premier League,985,Manchester United,535850000,30,17861666.666666668,13500000.0,59.7
2017,2017/18,2017-09-01,GB1,Premier League,31,Liverpool FC,477550000,33,14471212.121212121,10000000.0,58.61
2017,2017/18,2017-09-01,GB1,Premier League,148,Tottenham Hotspur,472850000,25,18914000.0,15000000.0,54.24
2017,2017/18,2017-09-01,GB1,Premier League,281,Manchester City,462050000,18,25669444.444444444,27500000.0,49.78
2017,2017/18,2017-09-01,GB1,Premier League,631,Chelsea FC,456600000,28,16307142.857142856,13500000.0,57.75
2017,2017/18,2017-09-01,GB1,Premier League,11,Arsenal FC,350400000,33,10618181.818181818,6000000.0,61.24
2017,2017/18,2017-09-01,GB1,Premier League,180,Southampton FC,253850000,37,6860810.810810811,5000000.0,58.27
2017,2017/18,2017-09-01,GB1,Premier League,29,Everton FC,229350000,28,8191071.428571428,6500000.0,60.82
2017,2017/18,2017-09-01,GB1,Premier League,1003,Leicester City,222800000,30,7426666.666666667,5500000.0,52.07
2017,2017/18,2017-09-01,GB1,Premier League,1010,Watford FC,176100000,34,5179411.764705882,3500000.0,54.68
2017,2017/18,2017-09-01,GB1,Premier League,379,West Ham United,174175000,30,5805833.333333333,5000000.0,61.63
2017,2017/18,2017-09-01,GB1,Premier League,984,West Bromwich Albion,166050000,48,3459375.0,1500000.0,53.06
2017,2017/18,2017-09-01,GB1,Premier League,762,Newcastle United,143950000,32,4498437.5,5000000.0,57.03
2017,2017/18,2017-09-01,GB1,Premier League,873,Crystal Palace,140100000,35,4002857.1428571427,3000000.0,63.2
2017,2017/18,2017-09-01,GB1,Premier League,1132,Burnley FC,121500000,36,3375000.0,2500000.0,54.86
2017,2017/18,2017-09-01,GB1,Premier League,512,Stoke City,107325000,20,5366250.0,2750000.0,70.25
2017,2017/18,2017-09-01,GB1,Premier League,989,AFC Bournemouth,97000000,28,3464285.714285714,2500000.0,55.93
2017,2017/18,2017-09-01,GB1,Premier League,2288,Swansea City,88050000,25,3522000.0,2500000.0,62.96
2017,2017/18,2017-09-01,GB1,Premier League,1237,Brighton & Hove Albion,47350000,21,2254761.904761905,1500000.0,61.95
2017,2017/18,2017-09-01,GB1,Premier League,1110,Huddersfield Town,43700000,25,1748000.0,1000000.0,57.12
2017,2017/18,2017-09-01,IT1,Serie A,506,Juventus FC,369425000,49,7539285.714285715,500000.0,74.04
2017,2017/18,2017-09-01,IT1,Serie A,5,AC Milan,325975000,56,5820982.142857143,1100000.0,81.57
2017,2017/18,2017-09-01,IT1,Serie A,6195,SSC Napoli,314175000,47,6684574.468085106,1000000.0,76.0
2017,2017/18,2017-09-01,IT1,Serie A,46,Inter Milan,297650000,61,4879508.196721312,400000.0,73.82
2017,2017/18,2017-09-01,IT1,Serie A,12,Associazione Sportiva Roma,266575000,61,4370081.967213115,200000.0,73.1
2017,2017/18,2017-09-01,IT1,Serie A,398,Società Sportiva Lazio S.p.A.,209225000,61,3429918.0327868853,400000.0,72.25
2017,2017/18,2017-09-01,IT1,Serie A,430,ACF Fiorentina,152825000,49,3118877.551020408,325000.0,71.29
2017,2017/18,2017-09-01,IT1,Serie A,1038,UC Sampdoria,151600000,80,1895000.0,400000.0,74.74
2017,2017/18,2017-09-01,IT1,Serie A,800,Atalanta BC,149925000,97,1545618.5567010308,225000.0,72.01
2017,2017/18,2017-09-01,IT1,Serie A,1390,Cagliari Calcio,137650000,66,2085606.0606060605,375000.0,80.26
2017,2017/18,2017-09-01,IT1,Serie A,416,Torino FC,118700000,67,1771641.791044776,250000.0,72.37
2017,2017/18,2017-09-01,IT1,Serie A,6574,US Sassuolo,113050000,64,1766406.25,187500.0,73.59
2017,2017/18,2017-09-01,IT1,Serie A,252,Genoa CFC,110325000,90,1225833.3333333333,200000.0,68.87
2017,2017/18,2017-09-01,IT1,Serie A,1025,Bologna Football Club 1909,109100000,77,1416883.1168831168,300000.0,78.4
2017,2017/18,2017-09-01,IT1,Serie A,410,Udinese Calcio,105200000,73,1441095.8904109588,400000.0,74.99
2017,2017/18,2017-09-01,IT1,Serie A,276,Hellas Verona,65275000,69,946014.4927536232,300000.0,74.0
2017,2017/18,2017-09-01,IT1,Serie A,4171,Benevento Calcio,52025000,35,1486428.5714285714,800000.0,81.94
2017,2017/18,2017-09-01,IT1,Serie A,862,Chievo Verona,42750000,74,577702.7027027027,237500.0,77.43
2017,2017/18,2017-09-01,IT1,Serie A,4083,FC Crotone,31975000,40,799375.0,425000.0,81.92
2017,2017/18,2017-09-01,IT1,Serie A,2722,SPAL,29725000,37,803378.3783783783,400000.0,86.78
2018,2018/19,2018-09-01,L1,Bundesliga,27,Bayern Munich,745950000,33,22604545.454545453,5000000.0,49.15
2018,2018/19,2018-09-01,L1,Bundesliga,16,Borussia Dortmund,431250000,42,10267857.142857144,4750000.0,57.69
2018,2018/19,2018-09-01,L1,Bundesliga,23826,RB Leipzig,353300000,27,13085185.185185185,9000000.0,69.41
2018,2018/19,2018-09-01,L1,Bundesliga,15,Bayer 04 Leverkusen,336875000,36,9357638.888888888,775000.0,56.69
2018,2018/19,2018-09-01,L1,Bundesliga,33,FC Schalke 04,283175000,38,7451973.684210527,3500000.0,59.16
2018,2018/19,2018-09-01,L1,Bundesliga,533,TSG 1899 Hoffenheim,225825000,45,5018333.333333333,1000000.0,55.16
2018,2018/19,2018-09-01,L1,Bundesliga,44,Hertha BSC,211025000,48,4396354.166666667,1875000.0,61.56
2018,2018/19,2018-09-01,L1,Bundesliga,18,Borussia Mönchengladbach,210050000,40,5251250.0,1125000.0,61.25
2018,2018/19,2018-09-01,L1,Bundesliga,24,Eintracht Frankfurt,180125000,55,3275000.0,1000000.0,65.58
2018,2018/19,2018-09-01,L1,Bundesliga,82,VfL Wolfsburg,175775000,47,3739893.6170212766,1000000.0,66.91
2018,2018/19,2018-09-01,L1,Bundesliga,79,VfB Stuttgart,155425000,41,3790853.6585365855,1000000.0,65.54
2018,2018/19,2018-09-01,L1,Bundesliga,86,SV Werder Bremen,135025000,51,2647549.0196078434,900000.0,60.96
2018,2018/19,2018-09-01,L1,Bundesliga,167,FC Augsburg,116125000,54,2150462.962962963,475000.0,58.02
2018,2018/19,2018-09-01,L1,Bundesliga,60,SC Freiburg,110075000,46,2392934.782608696,950000.0,71.15
2018,2018/19,2018-09-01,L1,Bundesliga,39,1.FSV Mainz 05,103725000,51,2033823.5294117648,600000.0,59.49
2018,2018/19,2018-09-01,L1,Bundesliga,42,Hannover 96,88850000,44,2019318.1818181819,625000.0,52.2
2018,2018/19,2018-09-01,L1,Bundesliga,4,1.FC Nuremberg,38200000,31,1232258.064516129,750000.0,63.39
2018,2018/19,2018-09-01,L1,Bundesliga,38,Fortuna Düsseldorf,32200000,38,847368.4210526316,425000.0,58.97
2018,2018/19,2018-09-01,ES1,La Liga,418,Real Madrid,1136350000,31,36656451.61290322,25000000.0,76.87
2018,2018/19,2018-09-01,ES1,La Liga,131,FC Barcelona,1120400000,30,37346666.666666664,22500000.0,76.67
2018,2018/19,2018-09-01,ES1,La Liga,13,Atlético de Madrid,752650000,42,17920238.095238097,750000.0,71.4
2018,2018/19,2018-09-01,ES1,La Liga,1049,Valencia CF,301575000,40,7539375.0,1500000.0,82.95
2018,2018/19,2018-09-01,ES1,La Liga,368,Sevilla FC,280650000,38,7385526.315789473,3250000.0,66.03
2018,2018/19,2018-09-01,ES1,La Liga,681,Real Sociedad,273600000,40,6840000.0,2000000.0,82.38
2018,2018/19,2018-09-01,ES1,La Liga,940,Celta de Vigo,237150000,49,4839795.918367347,1500000.0,74.96
2018,2018/19,2018-09-01,ES1,La Liga,621,Athletic Bilbao,195750000,37,5290540.540540541,1000000.0,85.03
2018,2018/19,2018-09-01,ES1,La Liga,1050,Villarreal CF,169550000,36,4709722.222222222,1000000.0,78.56
2018,2018/19,2018-09-01,ES1,La Liga,150,Real Betis Balompié,164650000,54,3049074.074074074,425000.0,73.19
2018,2018/19,2018-09-01,ES1,La Liga,714,RCD Espanyol Barcelona,120850000,52,2324038.4615384615,750000.0,72.33
2018,2018/19,2018-09-01,ES1,La Liga,3368,Levante UD,99800000,48,2079166.6666666667,650000.0,79.06
2018,2018/19,2018-09-01,ES1,La Liga,3709,Getafe CF,90950000,52,1749038.4615384615,600000.0,77.69
2018,2018/19,2018-09-01,ES1,La Liga,1108,Deportivo Alavés,84600000,32,2643750.0,1650000.0,79.78
2018,2018/19,2018-09-01,ES1,La Liga,12321,Girona FC,78250000,23,3402173.913043478,2000000.0,74.43
2018,2018/19,2018-09-01,ES1,La Liga,366,Real Valladolid CF,70475000,52,1355288.4615384615,775000.0,80.35
2018,2018/19,2018-09-01,ES1,La Liga,1244,CD Leganés,69250000,40,1731250.0,1100000.0,81.35
2018,2018/19,2018-09-01,ES1,La Liga,1533,SD Eibar,61100000,48,1272916.6666666667,500000.0,86.96
2018,2018/19,2018-09-01,ES1,La Liga,5358,SD Huesca,40300000,32,1259375.0,900000.0,74.56
2018,2018/19,2018-09-01,ES1,La Liga,367,Rayo Vallecano,33950000,38,893421.052631579,550000.0,80.89
2018,2018/19,2018-09-01,FR1,Ligue 1,583,Paris Saint-Germain,820450000,28,29301785.714285713,11000000.0,64.25
2018,2018/19,2018-09-01,FR1,Ligue 1,162,AS Monaco,335875000,30,11195833.333333334,8000000.0,63.93
2018,2018/19,2018-09-01,FR1,Ligue 1,1041,Olympique Lyon,328550000,31,10598387.096774194,2000000.0,79.45
2018,2018/19,2018-09-01,FR1,Ligue 1,244,Olympique Marseille,206675000,33,6262878.787878788,1000000.0,70.67
2018,2018/19,2018-09-01,FR1,Ligue 1,40,FC Girondins Bordeaux,173050000,35,4944285.714285715,2500000.0,67.51
2018,2018/19,2018-09-01,FR1,Ligue 1,417,OGC Nice,121350000,32,3792187.5,2000000.0,76.28
2018,2018/19,2018-09-01,FR1,Ligue 1,995,FC Nantes,119350000,41,2910975.6097560977,1500000.0,68.59
2018,2018/19,2018-09-01,FR1,Ligue 1,273,Stade Rennais FC,112575000,33,3411363.6363636362,1000000.0,88.42
2018,2018/19,2018-09-01,FR1,Ligue 1,1082,LOSC Lille,107950000,32,3373437.5,2250000.0,65.97
2018,2018/19,2018-09-01,FR1,Ligue 1,415,FC Toulouse,97200000,36,2700000.0,1375000.0,61.53
2018,2018/19,2018-09-01,FR1,Ligue 1,969,Montpellier HSC,94300000,37,2548648.6486486485,1250000.0,71.89
2018,2018/19,2018-09-01,FR1,Ligue 1,1420,Angers SCO,83200000,40,2080000.0,1375000.0,70.25
2018,2018/19,2018-09-01,FR1,Ligue 1,618,AS Saint-Étienne,82100000,31,2648387.0967741935,2000000.0,72.29
2018,2018/19,2018-09-01,FR1,Ligue 1,2969,Dijon FCO,80900000,35,2311428.5714285714,1250000.0,68.03
2018,2018/19,2018-09-01,FR1,Ligue 1,667,RC Strasbourg Alsace,72300000,34,2126470.588235294,1250000.0,62.0
2018,2018/19,2018-09-01,FR1,Ligue 1,1162,SM Caen,59150000,39,1516666.6666666667,500000.0,74.85
2018,2018/19,2018-09-01,FR1,Ligue 1,1160,Nîmes Olympique,58300000,31,1880645.1612903227,1300000.0,70.06
2018,2018/19,2018-09-01,FR1,Ligue 1,1421,Stade Reims,41700000,36,1158333.3333333333,700000.0,85.83
2018,2018/19,2018-09-01,FR1,Ligue 1,855,EA Guingamp,41325000,27,1530555.5555555555,1500000.0,81.33
2018,2018/19,2018-09-01,FR1,Ligue 1,1416,Amiens SC,35525000,34,1044852.9411764706,500000.0,71.71
2018,2018/19,2018-09-01,GB1,Premier League,281,Manchester City,941100000,23,40917391.30434783,40000000.0,69.0
2018,2018/19,2018-09-01,GB1,Premier League,985,Manchester United,851350000,32,26604687.5,18000000.0,73.0
2018,2018/19,2018-09-01,GB1,Premier League,148,Tottenham Hotspur,789600000,25,31584000.0,25000000.0,84.0
2018,2018/19,2018-09-01,GB1,Premier League,631,Chelsea FC,733800000,33,22236363.636363637,18000000.0,61.88
2018,2018/19,2018-09-01,GB1,Premier League,31,Liverpool FC,691225000,25,27649000.0,20000000.0,68.84
2018,2018/19,2018-09-01,GB1,Premier League,11,Arsenal FC,436325000,29,15045689.655172413,7000000.0,79.45
2018,2018/19,2018-09-01,GB1,Premier League,29,Everton FC,432000000,36,12000000.0,9000000.0,72.11
2018,2018/19,2018-09-01,GB1,Premier League,1003,Leicester City,327200000,33,9915151.515151516,7000000.0,62.7
2018,2018/19,2018-09-01,GB1,Premier League,180,Southampton FC,291925000,34,8586029.411764706,7500000.0,76.59
2018,2018/19,2018-09-01,GB1,Premier League,379,West Ham United,220525000,31,7113709.677419355,5000000.0,76.52
2018,2018/19,2018-09-01,GB1,Premier League,1010,Watford FC,196550000,37,5312162.162162162,3000000.0,71.3
2018,2018/19,2018-09-01,GB1,Premier League,873,Crystal Palace,196225000,36,5450694.444444444,3750000.0,72.17
2018,2018/19,2018-09-01,GB1,Premier League,989,AFC Bournemouth,191350000,28,6833928.571428572,4250000.0,68.04
2018,2018/19,2018-09-01,GB1,Premier League,1132,Burnley FC,186275000,36,5174305.555555556,4250000.0,77.83
2018,2018/19,2018-09-01,GB1,Premier League,543,Wolverhampton Wanderers,173600000,20,8680000.0,2750000.0,27.25
2018,2018/19,2018-09-01,GB1,Premier League,762,Newcastle United,171650000,29,5918965.517241379,5000000.0,87.17
2018,2018/19,2018-09-01,GB1,Premier League,931,Fulham FC,168075000,23,7307608.695652174,3000000.0,30.87
2018,2018/19,2018-09-01,GB1,Premier League,1110,Huddersfield Town,102250000,27,3787037.037037037,3500000.0,81.33
2018,2018/19,2018-09-01,GB1,Premier League,1237,Brighton & Hove Albion,100950000,23,4389130.434782608,2500000.0,85.26
2018,2018/19,2018-09-01,GB1,Premier League,603,Cardiff City,65100000,22,2959090.909090909,2500000.0,22.45
2018,2018/19,2018-09-01,IT1,Serie A,506,Juventus FC,528325000,46,11485326.086956521,375000.0,72.52
2018,2018/19,2018-09-01,IT1,Serie A,6195,SSC Napoli,436125000,47,9279255.319148935,500000.0,72.57
2018,2018/19,2018-09-01,IT1,Serie A,46,Inter Milan,426450000,58,7352586.206896552,550000.0,72.33
2018,2018/19,2018-09-01,IT1,Serie A,5,AC Milan,420225000,51,8239705.882352941,750000.0,70.25
2018,2018/19,2018-09-01,IT1,Serie A,12,Associazione Sportiva Roma,369300000,62,5956451.612903226,275000.0,74.73
2018,2018/19,2018-09-01,IT1,Serie A,398,Società Sportiva Lazio S.p.A.,337925000,61,5539754.098360656,500000.0,74.36
2018,2018/19,2018-09-01,IT1,Serie A,430,ACF Fiorentina,241050000,51,4726470.588235294,350000.0,68.75
2018,2018/19,2018-09-01,IT1,Serie A,1038,UC Sampdoria,238850000,85,2810000.0,350000.0,71.25
2018,2018/19,2018-09-01,IT1,Serie A,800,Atalanta BC,216950000,94,2307978.723404255,275000.0,75.57
2018,2018/19,2018-09-01,IT1,Serie A,1390,Cagliari Calcio,165975000,68,2440808.8235294116,275000.0,73.9
2018,2018/19,2018-09-01,IT1,Serie A,416,Torino FC,156000000,69,2260869.565217391,200000.0,71.71
2018,2018/19,2018-09-01,IT1,Serie A,410,Udinese Calcio,153000000,73,2095890.410958904,400000.0,73.12
2018,2018/19,2018-09-01,IT1,Serie A,252,Genoa CFC,150200000,94,1597872.3404255318,350000.0,74.27
2018,2018/19,2018-09-01,IT1,Serie A,6574,US Sassuolo,112175000,67,1674253.7313432836,200000.0,69.91
2018,2018/19,2018-09-01,IT1,Serie A,1025,Bologna Football Club 1909,110225000,80,1377812.5,237500.0,75.62
2018,2018/19,2018-09-01,IT1,Serie A,130,Parma Calcio 1913,60175000,75,802333.3333333334,200000.0,72.11
2018,2018/19,2018-09-01,IT1,Serie A,749,FC Empoli,50950000,72,707638.8888888889,325000.0,72.03
2018,2018/19,2018-09-01,IT1,Serie A,862,Chievo Verona,42150000,80,526875.0,212500.0,75.47
2018,2018/19,2018-09-01,IT1,Serie A,2722,SPAL,39225000,37,1060135.1351351351,300000.0,77.27
2018,2018/19,2018-09-01,IT1,Serie A,8970,Frosinone Calcio,37850000,44,860227.2727272727,600000.0,72.5
2019,2019/20,2019-09-01,L1,Bundesliga,27,Bayern Munich,820500000,40,20512500.0,4250000.0,65.6
2019,2019/20,2019-09-01,L1,Bundesliga,16,Borussia Dortmund,546700000,39,14017948.717948718,3000000.0,72.38
2019,2019/20,2019-09-01,L1,Bundesliga,23826,RB Leipzig,494575000,34,14546323.529411765,12500000.0,67.74
2019,2019/20,2019-09-01,L1,Bundesliga,15,Bayer 04 Leverkusen,442700000,43,10295348.837209303,700000.0,68.67
2019,2019/20,2019-09-01,L1,Bundesliga,24,Eintracht Frankfurt,298725000,54,5531944.444444444,1250000.0,64.56
2019,2019/20,2019-09-01,L1,Bundesliga,533,TSG 1899 Hoffenheim,290550000,42,6917857.142857143,2500000.0,67.29
2019,2019/20,2019-09-01,L1,Bundesliga,18,Borussia Mönchengladbach,268750000,42,6398809.523809524,750000.0,70.67
2019,2019/20,2019-09-01,L1,Bundesliga,33,FC Schalke 04,220450000,52,4239423.076923077,1500000.0,65.52
2019,2019/20,2019-09-01,L1,Bundesliga,82,VfL Wolfsburg,215500000,42,5130952.380952381,1000000.0,70.83
2019,2019/20,2019-09-01,L1,Bundesliga,44,Hertha BSC,202300000,47,4304255.319148936,1000000.0,76.77
2019,2019/20,2019-09-01,L1,Bundesliga,39,1.FSV Mainz 05,164925000,56,2945089.285714286,600000.0,75.61
2019,2019/20,2019-09-01,L1,Bundesliga,86,SV Werder Bremen,163500000,48,3406250.0,500000.0,69.6
2019,2019/20,2019-09-01,L1,Bundesliga,167,FC Augsburg,157300000,55,2860000.0,750000.0,73.45
2019,2019/20,2019-09-01,L1,Bundesliga,60,SC Freiburg,133825000,45,2973888.888888889,1000000.0,74.8
2019,2019/20,2019-09-01,L1,Bundesliga,38,Fortuna Düsseldorf,90050000,46,1957608.6956521738,550000.0,74.89
2019,2019/20,2019-09-01,L1,Bundesliga,3,1.FC Köln,80900000,40,2022500.0,950000.0,66.5
2019,2019/20,2019-09-01,L1,Bundesliga,89,1.FC Union Berlin,43700000,36,1213888.888888889,1000000.0,70.97
2019,2019/20,2019-09-01,L1,Bundesliga,127,SC Paderborn 07,21350000,29,736206.8965517242,750000.0,61.97
2019,2019/20,2019-09-01,ES1,La Liga,131,FC Barcelona,1049900000,29,36203448.27586207,35000000.0,64.24
2019,2019/20,2019-09-01,ES1,La Liga,13,Atlético de Madrid,1025550000,46,22294565.217391305,2000000.0,47.78
2019,2019/20,2019-09-01,ES1,La Liga,418,Real Madrid,1011800000,32,31618750.0,22500000.0,65.09
2019,2019/20,2019-09-01,ES1,La Liga,1049,Valencia CF,387600000,38,10200000.0,1750000.0,50.42
2019,2019/20,2019-09-01,ES1,La Liga,681,Real Sociedad,349450000,42,8320238.095238095,2750000.0,64.57
2019,2019/20,2019-09-01,ES1,La Liga,368,Sevilla FC,337400000,36,9372222.222222222,5000000.0,56.19
2019,2019/20,2019-09-01,ES1,La Liga,150,Real Betis Balompié,302375000,57,5304824.561403509,500000.0,45.35
2019,2019/20,2019-09-01,ES1,La Liga,940,Celta de Vigo,265900000,54,4924074.074074074,900000.0,54.35
2019,2019/20,2019-09-01,ES1,La Liga,621,Athletic Bilbao,231700000,44,5265909.090909091,1500000.0,55.91
2019,2019/20,2019-09-01,ES1,La Liga,1050,Villarreal CF,231225000,40,5780625.0,1400000.0,55.82
2019,2019/20,2019-09-01,ES1,La Liga,714,RCD Espanyol Barcelona,183550000,52,3529807.6923076925,1000000.0,52.77
2019,2019/20,2019-09-01,ES1,La Liga,3709,Getafe CF,126200000,48,2629166.6666666665,600000.0,54.38
2019,2019/20,2019-09-01,ES1,La Liga,3368,Levante UD,118900000,49,2426530.612244898,500000.0,53.59
2019,2019/20,2019-09-01,ES1,La Liga,1108,Deportivo Alavés,111000000,38,2921052.6315789474,950000.0,58.45
2019,2019/20,2019-09-01,ES1,La Liga,366,Real Valladolid CF,110800000,52,2130769.230769231,700000.0,56.42
2019,2019/20,2019-09-01,ES1,La Liga,1244,CD Leganés,108450000,42,2582142.8571428573,1500000.0,66.24
2019,2019/20,2019-09-01,ES1,La Liga,1533,SD Eibar,73650000,49,1503061.224489796,600000.0,57.63
2019,2019/20,2019-09-01,ES1,La Liga,331,CA Osasuna,56650000,55,1030000.0,500000.0,42.75
2019,2019/20,2019-09-01,ES1,La Liga,237,RCD Mallorca,48750000,33,1477272.7272727273,700000.0,50.85
2019,2019/20,2019-09-01,ES1,La Liga,16795,Granada CF,43600000,43,1013953.4883720931,600000.0,49.07
2019,2019/20,2019-09-01,FR1,Ligue 1,583,Paris Saint-Germain,933700000,28,33346428.57142857,17500000.0,67.25
2019,2019/20,2019-09-01,FR1,Ligue 1,1041,Olympique Lyon,421900000,32,13184375.0,5000000.0,74.62
2019,2019/20,2019-09-01,FR1,Ligue 1,162,AS Monaco,238700000,30,7956666.666666667,7000000.0,73.93
2019,2019/20,2019-09-01,FR1,Ligue 1,1082,LOSC Lille,225150000,30,7505000.0,4000000.0,55.4
2019,2019/20,2019-09-01,FR1,Ligue 1,244,Olympique Marseille,216750000,34,6375000.0,800000.0,80.15
2019,2019/20,2019-09-01,FR1,Ligue 1,273,Stade Rennais FC,172675000,40,4316875.0,1500000.0,78.53
2019,2019/20,2019-09-01,FR1,Ligue 1,417,OGC Nice,136425000,31,4400806.451612903,1500000.0,69.71
2019,2019/20,2019-09-01,FR1,Ligue 1,40,FC Girondins Bordeaux,119650000,37,3233783.7837837837,2000000.0,75.08
2019,2019/20,2019-09-01,FR1,Ligue 1,995,FC Nantes,116450000,48,2426041.6666666665,1000000.0,73.48
2019,2019/20,2019-09-01,FR1,Ligue 1,1420,Angers SCO,109200000,47,2323404.255319149,1500000.0,71.98
2019,2019/20,2019-09-01,FR1,Ligue 1,618,AS Saint-Étienne,105100000,27,3892592.592592593,2000000.0,83.3
2019,2019/20,2019-09-01,FR1,Ligue 1,667,RC Strasbourg Alsace,103900000,34,3055882.3529411764,2750000.0,82.79
2019,2019/20,2019-09-01,FR1,Ligue 1,415,FC Toulouse,95975000,45,2132777.777777778,800000.0,55.71
2019,2019/20,2019-09-01,FR1,Ligue 1,969,Montpellier HSC,89150000,39,2285897.435897436,500000.0,75.82
2019,2019/20,2019-09-01,FR1,Ligue 1,1160,Nîmes Olympique,86650000,34,2548529.411764706,1500000.0,71.88
2019,2019/20,2019-09-01,FR1,Ligue 1,1421,Stade Reims,86450000,42,2058333.3333333333,875000.0,67.83
2019,2019/20,2019-09-01,FR1,Ligue 1,2969,Dijon FCO,69450000,38,1827631.5789473683,1000000.0,68.87
2019,2019/20,2019-09-01,FR1,Ligue 1,347,FC Metz,54400000,50,1088000.0,500000.0,63.4
2019,2019/20,2019-09-01,FR1,Ligue 1,1416,Amiens SC,53800000,36,1494444.4444444445,450000.0,75.47
2019,2019/20,2019-09-01,FR1,Ligue 1,3911,Stade Brestois 29,26250000,23,1141304.347826087,800000.0,69.87
2019,2019/20,2019-09-01,GB1,Premier League,281,Manchester City,1080525000,26,41558653.84615385,30000000.0,70.92
2019,2019/20,2019-09-01,GB1,Premier League,31,Liverpool FC,1021825000,31,32962096.774193548,20000000.0,64.13
2019,2019/20,2019-09-01,GB1,Premier League,985,Manchester United,960850000,43,22345348.837209303,15000000.0,58.26
2019,2019/20,2019-09-01,GB1,Premier League,148,Tottenham Hotspur,857350000,28,30619642.85714286,22000000.0,53.5
2019,2019/20,2019-09-01,GB1,Premier League,631,Chelsea FC,810825000,37,21914189.18918919,15000000.0,55.65
2019,2019/20,2019-09-01,GB1,Premier League,11,Arsenal FC,681025000,34,20030147.05882353,12000000.0,56.06
2019,2019/20,2019-09-01,GB1,Premier League,29,Everton FC,457825000,34,13465441.176470589,9500000.0,72.53
2019,2019/20,2019-09-01,GB1,Premier League,1003,Leicester City,415350000,37,11225675.675675675,8000000.0,64.76
2019,2019/20,2019-09-01,GB1,Premier League,543,Wolverhampton Wanderers,352650000,27,13061111.111111112,10000000.0,56.78
2019,2019/20,2019-09-01,GB1,Premier League,989,AFC Bournemouth,323950000,32,10123437.5,6500000.0,60.88
2019,2019/20,2019-09-01,GB1,Premier League,379,West Ham United,321450000,34,9454411.764705881,4500000.0,56.38
2019,2019/20,2019-09-01,GB1,Premier League,180,Southampton FC,247900000,34,7291176.470588235,6000000.0,66.41
2019,2019/20,2019-09-01,GB1,Premier League,762,Newcastle United,231575000,30,7719166.666666667,6500000.0,57.4
2019,2019/20,2019-09-01,GB1,Premier League,1010,Watford FC,224225000,39,5749358.974358974,3000000.0,72.92
2019,2019/20,2019-09-01,GB1,Premier League,873,Crystal Palace,195950000,31,6320967.741935484,3000000.0,70.77
2019,2019/20,2019-09-01,GB1,Premier League,1132,Burnley FC,194100000,32,6065625.0,5000000.0,73.47
2019,2019/20,2019-09-01,GB1,Premier League,405,Aston Villa,191575000,39,4912179.487179487,2000000.0,50.56
2019,2019/20,2019-09-01,GB1,Premier League,1237,Brighton & Hove Albion,171950000,28,6141071.428571428,2750000.0,57.82
2019,2019/20,2019-09-01,GB1,Premier League,1123,Norwich City,131150000,42,3122619.0476190476,2250000.0,54.62
2019,2019/20,2019-09-01,GB1,Premier League,350,Sheffield United,76950000,24,3206250.0,2250000.0,45.38
2019,2019/20,2019-09-01,IT1,Serie A,506,Juventus FC,704525000,54,13046759.25925926,300000.0,77.17
2019,2019/20,2019-09-01,IT1,Serie A,6195,SSC Napoli,588925000,51,11547549.019607844,400000.0,70.55
2019,2019/20,2019-09-01,IT1,Serie A,5,AC Milan,509500000,55,9263636.363636363,1500000.0,69.15
2019,2019/20,2019-09-01,IT1,Serie A,46,Inter Milan,432075000,61,7083196.721311475,400000.0,74.2
2019,2019/20,2019-09-01,IT1,Serie A,800,Atalanta BC,315525000,91,3467307.6923076925,225000.0,78.36
2019,2019/20,2019-09-01,IT1,Serie A,12,Associazione Sportiva Roma,286950000,56,5124107.142857143,250000.0,75.18
2019,2019/20,2019-09-01,IT1,Serie A,398,Società Sportiva Lazio S.p.A.,282800000,63,4488888.888888889,400000.0,77.62
2019,2019/20,2019-09-01,IT1,Serie A,1038,UC Sampdoria,255925000,85,3010882.3529411764,300000.0,77.19
2019,2019/20,2019-09-01,IT1,Serie A,430,ACF Fiorentina,233600000,49,4767346.9387755105,400000.0,74.63
2019,2019/20,2019-09-01,IT1,Serie A,1390,Cagliari Calcio,222450000,74,3006081.081081081,550000.0,78.74
2019,2019/20,2019-09-01,IT1,Serie A,6574,US Sassuolo,194100000,79,2456962.025316456,275000.0,76.78
2019,2019/20,2019-09-01,IT1,Serie A,416,Torino FC,177725000,69,2575724.637681159,300000.0,75.3
2019,2019/20,2019-09-01,IT1,Serie A,252,Genoa CFC,166975000,90,1855277.7777777778,375000.0,75.36
2019,2019/20,2019-09-01,IT1,Serie A,410,Udinese Calcio,148100000,70,2115714.285714286,400000.0,73.51
2019,2019/20,2019-09-01,IT1,Serie A,1025,Bologna Football Club 1909,108875000,78,1395833.3333333333,200000.0,76.05
2019,2019/20,2019-09-01,IT1,Serie A,130,Parma Calcio 1913,106725000,80,1334062.5,250000.0,78.82
2019,2019/20,2019-09-01,IT1,Serie A,19,Brescia Calcio,76075000,24,3169791.6666666665,1750000.0,73.75
2019,2019/20,2019-09-01,IT1,Serie A,2722,SPAL,74425000,45,1653888.888888889,300000.0,79.87
2019,2019/20,2019-09-01,IT1,Serie A,276,Hellas Verona,53275000,67,795149.2537313433,300000.0,76.42
2019,2019/20,2019-09-01,IT1,Serie A,1005,US Lecce,18475000,22,839772.7272727273,600000.0,74.27
2020,2020/21,2020-09-01,L1,Bundesliga,27,Bayern Munich,716525000,38,18855921.05263158,1900000.0,39.74
2020,2020/21,2020-09-01,L1,Bundesliga,16,Borussia Dortmund,463975000,32,14499218.75,3000000.0,48.38
2020,2020/21,2020-09-01,L1,Bundesliga,23826,RB Leipzig,460225000,28,16436607.142857144,15500000.0,36.25
2020,2020/21,2020-09-01,L1,Bundesliga,18,Borussia Mönchengladbach,261000000,33,7909090.909090909,350000.0,40.48
2020,2020/21,2020-09-01,L1,Bundesliga,44,Hertha BSC,182800000,43,4251162.790697674,1000000.0,44.63
2020,2020/21,2020-09-01,L1,Bundesliga,15,Bayer 04 Leverkusen,168700000,22,7668181.818181818,350000.0,43.05
2020,2020/21,2020-09-01,L1,Bundesliga,82,VfL Wolfsburg,167225000,34,4918382.352941177,1100000.0,41.88
2020,2020/21,2020-09-01,L1,Bundesliga,533,TSG 1899 Hoffenheim,152375000,34,4481617.647058823,1250000.0,31.88
2020,2020/21,2020-09-01,L1,Bundesliga,33,FC Schalke 04,124325000,39,3187820.512820513,1000000.0,41.13
2020,2020/21,2020-09-01,L1,Bundesliga,24,Eintracht Frankfurt,105750000,48,2203125.0,275000.0,40.69
2020,2020/21,2020-09-01,L1,Bundesliga,86,SV Werder Bremen,84225000,40,2105625.0,550000.0,38.92
2020,2020/21,2020-09-01,L1,Bundesliga,3,1.FC Köln,83575000,31,2695967.7419354836,1000000.0,34.06
2020,2020/21,2020-09-01,L1,Bundesliga,39,1.FSV Mainz 05,78025000,36,2167361.111111111,562500.0,39.72
2020,2020/21,2020-09-01,L1,Bundesliga,60,SC Freiburg,75700000,30,2523333.3333333335,900000.0,37.67
2020,2020/21,2020-09-01,L1,Bundesliga,79,VfB Stuttgart,70275000,33,2129545.4545454546,500000.0,40.3
2020,2020/21,2020-09-01,L1,Bundesliga,167,FC Augsburg,67200000,28,2400000.0,1400000.0,43.11
2020,2020/21,2020-09-01,L1,Bundesliga,89,1.FC Union Berlin,51200000,32,1600000.0,1000000.0,48.5
2020,2020/21,2020-09-01,L1,Bundesliga,10,Arminia Bielefeld,19600000,15,1306666.6666666667,1000000.0,63.87
2020,2020/21,2020-09-01,ES1,La Liga,131,FC Barcelona,883050000,32,27595312.5,16500000.0,36.84
2020,2020/21,2020-09-01,ES1,La Liga,418,Real Madrid,882950000,34,25969117.647058822,19500000.0,37.18
2020,2020/21,2020-09-01,ES1,La Liga,13,Atlético de Madrid,696000000,48,14500000.0,400000.0,39.02
2020,2020/21,2020-09-01,ES1,La Liga,368,Sevilla FC,364150000,41,8881707.31707317,4000000.0,37.0
2020,2020/21,2020-09-01,ES1,La Liga,681,Real Sociedad,338075000,44,7683522.7272727275,2250000.0,39.25
2020,2020/21,2020-09-01,ES1,La Liga,1050,Villarreal CF,280325000,52,5390865.384615385,2000000.0,41.0
2020,2020/21,2020-09-01,ES1,La Liga,1049,Valencia CF,255600000,41,6234146.341463415,2500000.0,38.54
2020,2020/21,2020-09-01,ES1,La Liga,621,Athletic Bilbao,223450000,44,5078409.090909091,2000000.0,38.66
2020,2020/21,2020-09-01,ES1,La Liga,150,Real Betis Balompié,214050000,58,3690517.2413793104,650000.0,39.22
2020,2020/21,2020-09-01,ES1,La Liga,3709,Getafe CF,163200000,48,3400000.0,450000.0,39.69
2020,2020/21,2020-09-01,ES1,La Liga,940,Celta de Vigo,129250000,51,2534313.725490196,600000.0,34.76
2020,2020/21,2020-09-01,ES1,La Liga,16795,Granada CF,121200000,50,2424000.0,750000.0,40.56
2020,2020/21,2020-09-01,ES1,La Liga,3368,Levante UD,116450000,44,2646590.909090909,500000.0,37.0
2020,2020/21,2020-09-01,ES1,La Liga,366,Real Valladolid CF,91225000,53,1721226.4150943395,800000.0,37.25
2020,2020/21,2020-09-01,ES1,La Liga,331,CA Osasuna,87450000,57,1534210.5263157894,500000.0,41.82
2020,2020/21,2020-09-01,ES1,La Liga,1108,Deportivo Alavés,70950000,38,1867105.2631578948,750000.0,41.34
2020,2020/21,2020-09-01,ES1,La Liga,1533,SD Eibar,67500000,46,1467391.3043478262,550000.0,36.98
2020,2020/21,2020-09-01,ES1,La Liga,1531,Elche CF,43000000,36,1194444.4444444445,550000.0,35.31
2020,2020/21,2020-09-01,ES1,La Liga,2687,Cádiz CF,39000000,39,1000000.0,600000.0,36.92
2020,2020/21,2020-09-01,ES1,La Liga,5358,SD Huesca,36400000,31,1174193.5483870967,700000.0,38.9
2020,2020/21,2020-09-01,FR1,Ligue 1,583,Paris Saint-Germain,750000000,27,27777777.777777776,15000000.0,43.3
2020,2020/21,2020-09-01,FR1,Ligue 1,1041,Olympique Lyon,283175000,30,9439166.666666666,1400000.0,45.43
2020,2020/21,2020-09-01,FR1,Ligue 1,162,AS Monaco,279700000,32,8740625.0,6000000.0,43.19
2020,2020/21,2020-09-01,FR1,Ligue 1,1082,LOSC Lille,279300000,30,9310000.0,5250000.0,39.7
2020,2020/21,2020-09-01,FR1,Ligue 1,273,Stade Rennais FC,209575000,39,5373717.948717949,1500000.0,39.95
2020,2020/21,2020-09-01,FR1,Ligue 1,244,Olympique Marseille,194950000,35,5570000.0,800000.0,42.66
2020,2020/21,2020-09-01,FR1,Ligue 1,417,OGC Nice,173625000,30,5787500.0,4750000.0,42.9
2020,2020/21,2020-09-01,FR1,Ligue 1,1420,Angers SCO,116000000,46,2521739.1304347827,1000000.0,48.02
2020,2020/21,2020-09-01,FR1,Ligue 1,667,RC Strasbourg Alsace,101650000,31,3279032.2580645164,2000000.0,47.29
2020,2020/21,2020-09-01,FR1,Ligue 1,995,FC Nantes,97575000,38,2567763.1578947366,1700000.0,42.76
2020,2020/21,2020-09-01,FR1,Ligue 1,1421,Stade Reims,94300000,37,2548648.6486486485,2000000.0,47.14
2020,2020/21,2020-09-01,FR1,Ligue 1,969,Montpellier HSC,86800000,37,2345945.945945946,500000.0,48.76
2020,2020/21,2020-09-01,FR1,Ligue 1,618,AS Saint-Étienne,84750000,36,2354166.6666666665,1350000.0,45.14
2020,2020/21,2020-09-01,FR1,Ligue 1,40,FC Girondins Bordeaux,79525000,37,2149324.3243243243,1000000.0,47.7
2020,2020/21,2020-09-01,FR1,Ligue 1,2969,Dijon FCO,60725000,39,1557051.282051282,900000.0,43.1
2020,2020/21,2020-09-01,FR1,Ligue 1,347,FC Metz,60300000,46,1310869.5652173914,700000.0,46.37
2020,2020/21,2020-09-01,FR1,Ligue 1,826,RC Lens,58200000,30,1940000.0,850000.0,39.3
2020,2020/21,2020-09-01,FR1,Ligue 1,3911,Stade Brestois 29,56875000,28,2031250.0,1000000.0,41.86
2020,2020/21,2020-09-01,FR1,Ligue 1,1160,Nîmes Olympique,49400000,32,1543750.0,1100000.0,50.91
2020,2020/21,2020-09-01,FR1,Ligue 1,1158,FC Lorient,43475000,34,1278676.4705882352,550000.0,40.35
2020,2020/21,2020-09-01,GB1,Premier League,31,Liverpool FC,1044800000,35,29851428.57142857,16000000.0,45.94
2020,2020/21,2020-09-01,GB1,Premier League,281,Manchester City,966800000,26,37184615.384615384,38000000.0,43.27
2020,2020/21,2020-09-01,GB1,Premier League,631,Chelsea FC,890700000,38,23439473.684210528,19000000.0,43.26
2020,2020/21,2020-09-01,GB1,Premier League,985,Manchester United,766025000,36,21278472.222222224,13000000.0,41.39
2020,2020/21,2020-09-01,GB1,Premier League,148,Tottenham Hotspur,665500000,29,22948275.862068966,17500000.0,40.9
2020,2020/21,2020-09-01,GB1,Premier League,11,Arsenal FC,649225000,40,16230625.0,11250000.0,43.75
2020,2020/21,2020-09-01,GB1,Premier League,29,Everton FC,463800000,35,13251428.57142857,9500000.0,41.26
2020,2020/21,2020-09-01,GB1,Premier League,1003,Leicester City,441350000,35,12610000.0,7000000.0,40.86
2020,2020/21,2020-09-01,GB1,Premier League,405,Aston Villa,294850000,35,8424285.714285715,6000000.0,45.11
2020,2020/21,2020-09-01,GB1,Premier League,379,West Ham United,289250000,37,7817567.567567567,2500000.0,46.54
2020,2020/21,2020-09-01,GB1,Premier League,543,Wolverhampton Wanderers,287500000,23,12500000.0,8000000.0,39.65
2020,2020/21,2020-09-01,GB1,Premier League,762,Newcastle United,244575000,31,7889516.129032258,5000000.0,42.32
2020,2020/21,2020-09-01,GB1,Premier League,180,Southampton FC,232500000,35,6642857.142857143,5000000.0,39.23
2020,2020/21,2020-09-01,GB1,Premier League,1237,Brighton & Hove Albion,220900000,33,6693939.393939394,6000000.0,43.06
2020,2020/21,2020-09-01,GB1,Premier League,350,Sheffield United,197400000,35,5640000.0,3000000.0,40.09
2020,2020/21,2020-09-01,GB1,Premier League,873,Crystal Palace,195050000,37,5271621.621621622,2800000.0,43.78
2020,2020/21,2020-09-01,GB1,Premier League,931,Fulham FC,185150000,29,6384482.75862069,5500000.0,41.83
2020,2020/21,2020-09-01,GB1,Premier League,399,Leeds United,181825000,29,6269827.586206896,3200000.0,44.31
2020,2020/21,2020-09-01,GB1,Premier League,1132,Burnley FC,163575000,32,5111718.75,4000000.0,41.53
2020,2020/21,2020-09-01,GB1,Premier League,984,West Bromwich Albion,118550000,37,3204054.054054054,2400000.0,44.32
2020,2020/21,2020-09-01,IT1,Serie A,506,Juventus FC,721430000,55,13116909.090909092,500000.0,32.96
2020,2020/21,2020-09-01,IT1,Serie A,46,Inter Milan,681900000,66,10331818.181818182,500000.0,34.88
2020,2020/21,2020-09-01,IT1,Serie A,6195,SSC Napoli,578225000,52,11119711.538461538,900000.0,31.85
2020,2020/21,2020-09-01,IT1,Serie A,5,AC Milan,406900000,57,7138596.49122807,1000000.0,34.67
2020,2020/21,2020-09-01,IT1,Serie A,800,Atalanta BC,375325000,91,4124450.5494505493,275000.0,39.21
2020,2020/21,2020-09-01,IT1,Serie A,398,Società Sportiva Lazio S.p.A.,349425000,62,5635887.096774193,325000.0,36.42
2020,2020/21,2020-09-01,IT1,Serie A,12,Associazione Sportiva Roma,343400000,63,5450793.650793651,300000.0,36.41
2020,2020/21,2020-09-01,IT1,Serie A,430,ACF Fiorentina,292700000,56,5226785.714285715,500000.0,35.25
2020,2020/21,2020-09-01,IT1,Serie A,6574,US Sassuolo,213500000,80,2668750.0,225000.0,35.62
2020,2020/21,2020-09-01,IT1,Serie A,1038,UC Sampdoria,177875000,86,2068313.953488372,325000.0,33.53
2020,2020/21,2020-09-01,IT1,Serie A,1390,Cagliari Calcio,170950000,72,2374305.5555555555,375000.0,36.04
2020,2020/21,2020-09-01,IT1,Serie A,410,Udinese Calcio,165875000,72,2303819.4444444445,487500.0,35.57
2020,2020/21,2020-09-01,IT1,Serie A,416,Torino FC,158650000,73,2173287.671232877,300000.0,37.79
2020,2020/21,2020-09-01,IT1,Serie A,1025,Bologna Football Club 1909,151075000,82,1842378.0487804879,250000.0,39.45
2020,2020/21,2020-09-01,IT1,Serie A,276,Hellas Verona,120275000,68,1768750.0,312500.0,37.09
2020,2020/21,2020-09-01,IT1,Serie A,130,Parma Calcio 1913,118700000,80,1483750.0,250000.0,38.54
2020,2020/21,2020-09-01,IT1,Serie A,252,Genoa CFC,108250000,83,1304216.8674698796,350000.0,33.96
2020,2020/21,2020-09-01,IT1,Serie A,4083,FC Crotone,33000000,45,733333.3333333334,300000.0,34.22
2020,2020/21,2020-09-01,IT1,Serie A,4171,Benevento Calcio,30915000,40,772875.0,325000.0,30.62
2020,2020/21,2020-09-01,IT1,Serie A,3522,Spezia Calcio,28175000,29,971551.724137931,650000.0,17.62
2021,2021/22,2021-09-01,L1,Bundesliga,27,Bayern Munich,849525000,48,17698437.5,3000000.0,70.27
2021,2021/22,2021-09-01,L1,Bundesliga,23826,RB Leipzig,564725000,39,14480128.205128206,10000000.0,74.05
2021,2021/22,2021-09-01,L1,Bundesliga,16,Borussia Dortmund,560375000,41,13667682.92682927,2500000.0,69.59
2021,2021/22,2021-09-01,L1,Bundesliga,15,Bayer 04 Leverkusen,416250000,47,8856382.978723405,3000000.0,64.38
2021,2021/22,2021-09-01,L1,Bundesliga,82,VfL Wolfsburg,283150000,48,5898958.333333333,1250000.0,67.75
2021,2021/22,2021-09-01,L1,Bundesliga,18,Borussia Mönchengladbach,271500000,46,5902173.9130434785,400000.0,64.54
2021,2021/22,2021-09-01,L1,Bundesliga,533,TSG 1899 Hoffenheim,232675000,53,4390094.339622642,2000000.0,68.02
2021,2021/22,2021-09-01,L1,Bundesliga,44,Hertha BSC,180975000,55,3290454.5454545454,800000.0,69.35
2021,2021/22,2021-09-01,L1,Bundesliga,24,Eintracht Frankfurt,176300000,53,3326415.0943396227,400000.0,61.58
2021,2021/22,2021-09-01,L1,Bundesliga,79,VfB Stuttgart,162500000,48,3385416.6666666665,950000.0,68.56
2021,2021/22,2021-09-01,L1,Bundesliga,60,SC Freiburg,156175000,45,3470555.5555555555,1200000.0,67.24
2021,2021/22,2021-09-01,L1,Bundesliga,167,FC Augsburg,100825000,53,1902358.4905660378,600000.0,75.36
2021,2021/22,2021-09-01,L1,Bundesliga,39,1.FSV Mainz 05,99925000,47,2126063.829787234,600000.0,69.06
2021,2021/22,2021-09-01,L1,Bundesliga,3,1.FC Köln,99200000,44,2254545.4545454546,1150000.0,69.82
2021,2021/22,2021-09-01,L1,Bundesliga,89,1.FC Union Berlin,86850000,44,1973863.6363636365,1400000.0,72.05
2021,2021/22,2021-09-01,L1,Bundesliga,10,Arminia Bielefeld,41400000,26,1592307.6923076923,950000.0,70.23
2021,2021/22,2021-09-01,L1,Bundesliga,80,VfL Bochum,27900000,24,1162500.0,725000.0,65.33
2021,2021/22,2021-09-01,L1,Bundesliga,65,SpVgg Greuther Fürth,27325000,28,975892.8571428572,700000.0,66.86
2021,2021/22,2021-09-01,ES1,La Liga,13,Atlético de Madrid,788275000,54,14597685.185185185,600000.0,69.39
2021,2021/22,2021-09-01,ES1,La Liga,418,Real Madrid,695150000,32,21723437.5,12500000.0,67.81
2021,2021/22,2021-09-01,ES1,La Liga,131,FC Barcelona,685900000,35,19597142.85714286,9000000.0,60.83
2021,2021/22,2021-09-01,ES1,La Liga,368,Sevilla FC,393350000,43,9147674.418604651,3000000.0,63.72
2021,2021/22,2021-09-01,ES1,La Liga,681,Real Sociedad,386500000,44,8784090.909090908,2000000.0,74.23
2021,2021/22,2021-09-01,ES1,La Liga,1050,Villarreal CF,332100000,51,6511764.705882353,2000000.0,65.98
2021,2021/22,2021-09-01,ES1,La Liga,1049,Valencia CF,274600000,44,6240909.090909091,2500000.0,67.68
2021,2021/22,2021-09-01,ES1,La Liga,150,Real Betis Balompié,232850000,67,3475373.1343283583,500000.0,67.42
2021,2021/22,2021-09-01,ES1,La Liga,621,Athletic Bilbao,217350000,46,4725000.0,1100000.0,65.85
2021,2021/22,2021-09-01,ES1,La Liga,3709,Getafe CF,175150000,53,3304716.9811320757,500000.0,68.17
2021,2021/22,2021-09-01,ES1,La Liga,16795,Granada CF,147275000,61,2414344.2622950817,500000.0,64.82
2021,2021/22,2021-09-01,ES1,La Liga,940,Celta de Vigo,144700000,54,2679629.6296296297,600000.0,68.87
2021,2021/22,2021-09-01,ES1,La Liga,331,CA Osasuna,104375000,62,1683467.7419354839,400000.0,65.24
2021,2021/22,2021-09-01,ES1,La Liga,3368,Levante UD,90200000,46,1960869.5652173914,375000.0,63.78
2021,2021/22,2021-09-01,ES1,La Liga,714,RCD Espanyol Barcelona,85750000,59,1453389.8305084745,500000.0,60.14
2021,2021/22,2021-09-01,ES1,La Liga,1108,Deportivo Alavés,57300000,38,1507894.7368421052,700000.0,67.95
2021,2021/22,2021-09-01,ES1,La Liga,2687,Cádiz CF,56500000,45,1255555.5555555555,800000.0,66.69
2021,2021/22,2021-09-01,ES1,La Liga,237,RCD Mallorca,56375000,41,1375000.0,600000.0,63.95
2021,2021/22,2021-09-01,ES1,La Liga,1531,Elche CF,53250000,45,1183333.3333333333,800000.0,65.36
2021,2021/22,2021-09-01,ES1,La Liga,367,Rayo Vallecano,38550000,44,876136.3636363636,500000.0,58.43
2021,2021/22,2021-09-01,FR1,Ligue 1,583,Paris Saint-Germain,825450000,30,27515000.0,14000000.0,69.97
2021,2021/22,2021-09-01,FR1,Ligue 1,162,AS Monaco,377550000,37,10204054.054054054,6500000.0,67.7
2021,2021/22,2021-09-01,FR1,Ligue 1,1041,Olympique Lyon,315700000,39,8094871.794871795,1000000.0,63.31
2021,2021/22,2021-09-01,FR1,Ligue 1,1082,LOSC Lille,310425000,31,10013709.677419355,5000000.0,74.58
2021,2021/22,2021-09-01,FR1,Ligue 1,273,Stade Rennais FC,236625000,38,6226973.684210527,2000000.0,67.61
2021,2021/22,2021-09-01,FR1,Ligue 1,417,OGC Nice,225975000,34,6646323.529411765,4500000.0,73.71
2021,2021/22,2021-09-01,FR1,Ligue 1,244,Olympique Marseille,175375000,38,4615131.578947368,775000.0,64.58
2021,2021/22,2021-09-01,FR1,Ligue 1,1421,Stade Reims,107775000,43,2506395.3488372094,1000000.0,72.65
2021,2021/22,2021-09-01,FR1,Ligue 1,1420,Angers SCO,107550000,49,2194897.9591836734,1000000.0,72.55
2021,2021/22,2021-09-01,FR1,Ligue 1,969,Montpellier HSC,105400000,43,2451162.7906976743,500000.0,67.21
2021,2021/22,2021-09-01,FR1,Ligue 1,826,RC Lens,104050000,37,2812162.1621621624,1600000.0,71.16
2021,2021/22,2021-09-01,FR1,Ligue 1,667,RC Strasbourg Alsace,103400000,30,3446666.6666666665,1500000.0,77.57
2021,2021/22,2021-09-01,FR1,Ligue 1,618,AS Saint-Étienne,101300000,39,2597435.8974358975,1500000.0,71.92
2021,2021/22,2021-09-01,FR1,Ligue 1,995,FC Nantes,98675000,37,2666891.891891892,1500000.0,70.54
2021,2021/22,2021-09-01,FR1,Ligue 1,347,FC Metz,97550000,53,1840566.0377358492,700000.0,67.74
2021,2021/22,2021-09-01,FR1,Ligue 1,40,FC Girondins Bordeaux,95525000,50,1910500.0,800000.0,74.12
2021,2021/22,2021-09-01,FR1,Ligue 1,1158,FC Lorient,79325000,41,1934756.0975609757,600000.0,75.83
2021,2021/22,2021-09-01,FR1,Ligue 1,3911,Stade Brestois 29,76750000,31,2475806.4516129033,1200000.0,77.81
2021,2021/22,2021-09-01,FR1,Ligue 1,1095,ESTAC Troyes,45650000,36,1268055.5555555555,750000.0,65.14
2021,2021/22,2021-09-01,FR1,Ligue 1,3524,Clermont Foot 63,33750000,27,1250000.0,700000.0,61.3
2021,2021/22,2021-09-01,GB1,Premier League,281,Manchester City,1091975000,31,35225000.0,30000000.0,79.71
2021,2021/22,2021-09-01,GB1,Premier League,631,Chelsea FC,853700000,40,21342500.0,13500000.0,70.28
2021,2021/22,2021-09-01,GB1,Premier League,985,Manchester United,815250000,34,23977941.17647059,18000000.0,77.44
2021,2021/22,2021-09-01,GB1,Premier League,31,Liverpool FC,814275000,34,23949264.70588235,13500000.0,81.32
2021,2021/22,2021-09-01,GB1,Premier League,148,Tottenham Hotspur,616200000,33,18672727.272727273,15000000.0,72.18
2021,2021/22,2021-09-01,GB1,Premier League,11,Arsenal FC,568950000,38,14972368.421052631,11000000.0,68.97
2021,2021/22,2021-09-01,GB1,Premier League,1003,Leicester City,518650000,36,14406944.444444444,7000000.0,79.39
2021,2021/22,2021-09-01,GB1,Premier League,29,Everton FC,434650000,38,11438157.894736841,3250000.0,76.58
2021,2021/22,2021-09-01,GB1,Premier League,543,Wolverhampton Wanderers,391650000,32,12239062.5,7500000.0,78.47
2021,2021/22,2021-09-01,GB1,Premier League,405,Aston Villa,341600000,40,8540000.0,2500000.0,67.25
2021,2021/22,2021-09-01,GB1,Premier League,379,West Ham United,314800000,42,7495238.095238095,1350000.0,72.05
2021,2021/22,2021-09-01,GB1,Premier League,180,Southampton FC,292900000,39,7510256.41025641,5000000.0,76.87
2021,2021/22,2021-09-01,GB1,Premier League,762,Newcastle United,256025000,33,7758333.333333333,5000000.0,73.82
2021,2021/22,2021-09-01,GB1,Premier League,1237,Brighton & Hove Albion,252475000,38,6644078.947368421,4500000.0,72.61
2021,2021/22,2021-09-01,GB1,Premier League,399,Leeds United,250350000,32,7823437.5,3250000.0,84.81
2021,2021/22,2021-09-01,GB1,Premier League,873,Crystal Palace,188950000,41,4608536.585365853,1800000.0,73.0
2021,2021/22,2021-09-01,GB1,Premier League,1148,Brentford FC,185750000,27,6879629.62962963,4500000.0,58.33
2021,2021/22,2021-09-01,GB1,Premier League,1123,Norwich City,166950000,44,3794318.1818181816,1100000.0,64.14
2021,2021/22,2021-09-01,GB1,Premier League,1132,Burnley FC,127475000,28,4552678.571428572,2750000.0,80.79
2021,2021/22,2021-09-01,GB1,Premier League,1010,Watford FC,116350000,35,3324285.714285714,3000000.0,61.97
2021,2021/22,2021-09-01,IT1,Serie A,46,Inter Milan,640375000,72,8894097.222222222,400000.0,75.5
2021,2021/22,2021-09-01,IT1,Serie A,506,Juventus FC,601560000,65,9254769.23076923,600000.0,72.45
2021,2021/22,2021-09-01,IT1,Serie A,6195,SSC Napoli,521020000,56,9303928.57142857,400000.0,73.43
2021,2021/22,2021-09-01,IT1,Serie A,5,AC Milan,444235000,58,7659224.137931035,550000.0,71.91
2021,2021/22,2021-09-01,IT1,Serie A,12,Associazione Sportiva Roma,409860000,69,5940000.0,350000.0,70.48
2021,2021/22,2021-09-01,IT1,Serie A,800,Atalanta BC,401835000,96,4185781.25,262500.0,72.78
2021,2021/22,2021-09-01,IT1,Serie A,398,Società Sportiva Lazio S.p.A.,299945000,72,4165902.777777778,200000.0,70.75
2021,2021/22,2021-09-01,IT1,Serie A,430,ACF Fiorentina,233900000,51,4586274.509803922,400000.0,72.51
2021,2021/22,2021-09-01,IT1,Serie A,6574,US Sassuolo,225585000,78,2892115.3846153845,287500.0,75.74
2021,2021/22,2021-09-01,IT1,Serie A,416,Torino FC,186920000,80,2336500.0,250000.0,70.29
2021,2021/22,2021-09-01,IT1,Serie A,1390,Cagliari Calcio,183835000,82,2241890.2439024393,400000.0,72.62
2021,2021/22,2021-09-01,IT1,Serie A,1025,Bologna Football Club 1909,177460000,88,2016590.9090909092,300000.0,71.92
2021,2021/22,2021-09-01,IT1,Serie A,1038,UC Sampdoria,154925000,91,1702472.5274725275,350000.0,71.09
2021,2021/22,2021-09-01,IT1,Serie A,276,Hellas Verona,139860000,72,1942500.0,275000.0,73.96
2021,2021/22,2021-09-01,IT1,Serie A,410,Udinese Calcio,134425000,69,1948188.4057971016,400000.0,72.51
2021,2021/22,2021-09-01,IT1,Serie A,252,Genoa CFC,95425000,79,1207911.3924050634,300000.0,72.35
2021,2021/22,2021-09-01,IT1,Serie A,3522,Spezia Calcio,76850000,45,1707777.7777777778,1000000.0,69.31
2021,2021/22,2021-09-01,IT1,Serie A,749,FC Empoli,64125000,64,1001953.125,250000.0,67.98
2021,2021/22,2021-09-01,IT1,Serie A,607,Venezia FC,44925000,31,1449193.5483870967,700000.0,63.74
2021,2021/22,2021-09-01,IT1,Serie A,380,US Salernitana 1919,29585000,33,896515.1515151515,600000.0,67.91
2022,2022/23,2022-09-01,L1,Bundesliga,27,Bayern Munich,911625000,46,19817934.782608695,1750000.0,63.04
2022,2022/23,2022-09-01,L1,Bundesliga,16,Borussia Dortmund,502350000,44,11417045.454545455,1750000.0,57.61
2022,2022/23,2022-09-01,L1,Bundesliga,23826,RB Leipzig,479900000,39,12305128.205128206,4000000.0,53.41
2022,2022/23,2022-09-01,L1,Bundesliga,15,Bayer 04 Leverkusen,436035000,48,9084062.5,1750000.0,60.65
2022,2022/23,2022-09-01,L1,Bundesliga,24,Eintracht Frankfurt,272260000,61,4463278.68852459,500000.0,71.95
2022,2022/23,2022-09-01,L1,Bundesliga,18,Borussia Mönchengladbach,229525000,45,5100555.555555556,650000.0,58.64
2022,2022/23,2022-09-01,L1,Bundesliga,82,VfL Wolfsburg,210625000,49,4298469.3877551025,1000000.0,62.8
2022,2022/23,2022-09-01,L1,Bundesliga,533,TSG 1899 Hoffenheim,177400000,49,3620408.163265306,1000000.0,62.33
2022,2022/23,2022-09-01,L1,Bundesliga,60,SC Freiburg,175825000,46,3822282.6086956523,1850000.0,63.17
2022,2022/23,2022-09-01,L1,Bundesliga,79,VfB Stuttgart,135850000,52,2612500.0,775000.0,61.13
2022,2022/23,2022-09-01,L1,Bundesliga,39,1.FSV Mainz 05,118450000,53,2234905.6603773586,500000.0,63.04
2022,2022/23,2022-09-01,L1,Bundesliga,89,1.FC Union Berlin,117900000,46,2563043.4782608696,1000000.0,64.76
2022,2022/23,2022-09-01,L1,Bundesliga,44,Hertha BSC,109875000,58,1894396.551724138,575000.0,64.0
2022,2022/23,2022-09-01,L1,Bundesliga,167,FC Augsburg,102525000,56,1830803.5714285714,600000.0,59.7
2022,2022/23,2022-09-01,L1,Bundesliga,3,1.FC Köln,101675000,50,2033500.0,900000.0,57.68
2022,2022/23,2022-09-01,L1,Bundesliga,86,SV Werder Bremen,78425000,59,1329237.2881355933,500000.0,63.05
2022,2022/23,2022-09-01,L1,Bundesliga,33,FC Schalke 04,64325000,53,1213679.2452830188,600000.0,59.06
2022,2022/23,2022-09-01,L1,Bundesliga,80,VfL Bochum,49500000,37,1337837.8378378379,1000000.0,56.16
2022,2022/23,2022-09-01,ES1,La Liga,418,Real Madrid,831150000,34,24445588.23529412,9000000.0,53.24
2022,2022/23,2022-09-01,ES1,La Liga,131,FC Barcelona,754600000,30,25153333.333333332,16500000.0,49.6
2022,2022/23,2022-09-01,ES1,La Liga,13,Atlético de Madrid,561050000,56,10018750.0,500000.0,48.91
2022,2022/23,2022-09-01,ES1,La Liga,1050,Villarreal CF,362800000,50,7256000.0,2750000.0,60.1
2022,2022/23,2022-09-01,ES1,La Liga,681,Real Sociedad,349400000,42,8319047.619047619,1750000.0,60.55
2022,2022/23,2022-09-01,ES1,La Liga,150,Real Betis Balompié,276275000,65,4250384.615384615,400000.0,59.35
2022,2022/23,2022-09-01,ES1,La Liga,368,Sevilla FC,246100000,43,5723255.813953488,4000000.0,58.95
2022,2022/23,2022-09-01,ES1,La Liga,1049,Valencia CF,239425000,44,5441477.2727272725,2000000.0,52.34
2022,2022/23,2022-09-01,ES1,La Liga,621,Athletic Bilbao,232900000,46,5063043.478260869,1250000.0,59.67
2022,2022/23,2022-09-01,ES1,La Liga,3709,Getafe CF,155025000,52,2981250.0,500000.0,51.08
2022,2022/23,2022-09-01,ES1,La Liga,940,Celta de Vigo,135800000,56,2425000.0,550000.0,56.57
2022,2022/23,2022-09-01,ES1,La Liga,331,CA Osasuna,128435000,61,2105491.8032786883,400000.0,65.3
2022,2022/23,2022-09-01,ES1,La Liga,3302,UD Almería,100850000,40,2521250.0,1100000.0,50.6
2022,2022/23,2022-09-01,ES1,La Liga,714,RCD Espanyol Barcelona,97025000,57,1702192.9824561405,400000.0,65.35
2022,2022/23,2022-09-01,ES1,La Liga,367,Rayo Vallecano,95975000,51,1881862.7450980393,800000.0,61.92
2022,2022/23,2022-09-01,ES1,La Liga,12321,Girona FC,87400000,30,2913333.3333333335,1500000.0,55.7
2022,2022/23,2022-09-01,ES1,La Liga,237,RCD Mallorca,76250000,47,1622340.425531915,600000.0,60.94
2022,2022/23,2022-09-01,ES1,La Liga,2687,Cádiz CF,71675000,49,1462755.1020408163,1000000.0,58.14
2022,2022/23,2022-09-01,ES1,La Liga,366,Real Valladolid CF,70350000,70,1005000.0,500000.0,60.93
2022,2022/23,2022-09-01,ES1,La Liga,1531,Elche CF,68175000,45,1515000.0,800000.0,56.89
2022,2022/23,2022-09-01,FR1,Ligue 1,583,Paris Saint-Germain,883350000,36,24537500.0,9000000.0,56.14
2022,2022/23,2022-09-01,FR1,Ligue 1,162,AS Monaco,349860000,39,8970769.23076923,7000000.0,54.28
2022,2022/23,2022-09-01,FR1,Ligue 1,273,Stade Rennais FC,299250000,39,7673076.923076923,4000000.0,53.05
2022,2022/23,2022-09-01,FR1,Ligue 1,244,Olympique Marseille,247375000,39,6342948.717948718,3000000.0,63.23
2022,2022/23,2022-09-01,FR1,Ligue 1,1041,Olympique Lyon,246500000,38,6486842.105263158,1350000.0,58.13
2022,2022/23,2022-09-01,FR1,Ligue 1,417,OGC Nice,215250000,36,5979166.666666667,3000000.0,52.67
2022,2022/23,2022-09-01,FR1,Ligue 1,1082,LOSC Lille,187450000,37,5066216.216216216,2000000.0,56.22
2022,2022/23,2022-09-01,FR1,Ligue 1,826,RC Lens,153600000,40,3840000.0,2350000.0,51.35
2022,2022/23,2022-09-01,FR1,Ligue 1,969,Montpellier HSC,113200000,51,2219607.843137255,800000.0,63.27
2022,2022/23,2022-09-01,FR1,Ligue 1,995,FC Nantes,106750000,40,2668750.0,1000000.0,62.55
2022,2022/23,2022-09-01,FR1,Ligue 1,667,RC Strasbourg Alsace,106450000,39,2729487.1794871795,1200000.0,54.64
2022,2022/23,2022-09-01,FR1,Ligue 1,1421,Stade Reims,95350000,46,2072826.0869565217,1350000.0,59.5
2022,2022/23,2022-09-01,FR1,Ligue 1,1158,FC Lorient,79700000,46,1732608.6956521738,750000.0,58.3
2022,2022/23,2022-09-01,FR1,Ligue 1,1420,Angers SCO,77650000,54,1437962.962962963,600000.0,61.63
2022,2022/23,2022-09-01,FR1,Ligue 1,3911,Stade Brestois 29,76750000,38,2019736.8421052631,1100000.0,56.26
2022,2022/23,2022-09-01,FR1,Ligue 1,1095,ESTAC Troyes,73450000,48,1530208.3333333333,750000.0,60.75
2022,2022/23,2022-09-01,FR1,Ligue 1,415,FC Toulouse,55350000,45,1230000.0,500000.0,51.64
2022,2022/23,2022-09-01,FR1,Ligue 1,3524,Clermont Foot 63,38050000,39,975641.0256410256,800000.0,54.51
2022,2022/23,2022-09-01,FR1,Ligue 1,290,AJ Auxerre,32500000,33,984848.4848484849,800000.0,53.79
2022,2022/23,2022-09-01,FR1,Ligue 1,1147,AC Ajaccio,23525000,34,691911.7647058824,500000.0,55.24
2022,2022/23,2022-09-01,GB1,Premier League,281,Manchester City,1088450000,32,34014062.5,26500000.0,52.94
2022,2022/23,2022-09-01,GB1,Premier League,631,Chelsea FC,857500000,38,22565789.47368421,17500000.0,49.45
2022,2022/23,2022-09-01,GB1,Premier League,31,Liverpool FC,835925000,40,20898125.0,14000000.0,51.62
2022,2022/23,2022-09-01,GB1,Premier League,985,Manchester United,760700000,39,19505128.205128204,15000000.0,44.38
2022,2022/23,2022-09-01,GB1,Premier League,11,Arsenal FC,714650000,44,16242045.454545455,5500000.0,54.8
2022,2022/23,2022-09-01,GB1,Premier League,148,Tottenham Hotspur,680950000,35,19455714.285714287,12000000.0,40.34
2022,2022/23,2022-09-01,GB1,Premier League,405,Aston Villa,481475000,44,10942613.636363637,5000000.0,60.75
2022,2022/23,2022-09-01,GB1,Premier League,379,West Ham United,473775000,45,10528333.333333334,1000000.0,52.87
2022,2022/23,2022-09-01,GB1,Premier League,1003,Leicester City,457350000,41,11154878.048780488,3500000.0,43.8
2022,2022/23,2022-09-01,GB1,Premier League,29,Everton FC,432525000,46,9402717.391304348,2500000.0,42.57
2022,2022/23,2022-09-01,GB1,Premier League,762,Newcastle United,418300000,40,10457500.0,5500000.0,44.35
2022,2022/23,2022-09-01,GB1,Premier League,543,Wolverhampton Wanderers,387500000,38,10197368.421052631,2500000.0,42.92
2022,2022/23,2022-09-01,GB1,Premier League,180,Southampton FC,322625000,41,7868902.439024391,4000000.0,46.17
2022,2022/23,2022-09-01,GB1,Premier League,1237,Brighton & Hove Albion,313200000,43,7283720.930232558,3000000.0,51.26
2022,2022/23,2022-09-01,GB1,Premier League,1148,Brentford FC,300900000,28,10746428.57142857,10500000.0,50.79
2022,2022/23,2022-09-01,GB1,Premier League,399,Leeds United,290850000,33,8813636.363636363,5000000.0,45.03
2022,2022/23,2022-09-01,GB1,Premier League,703,Nottingham Forest,287550000,38,7567105.263157895,5500000.0,43.58
2022,2022/23,2022-09-01,GB1,Premier League,873,Crystal Palace,281075000,38,7396710.52631579,2000000.0,51.89
2022,2022/23,2022-09-01,GB1,Premier League,931,Fulham FC,242100000,39,6207692.307692308,3000000.0,44.13
2022,2022/23,2022-09-01,GB1,Premier League,989,AFC Bournemouth,180850000,42,4305952.380952381,1900000.0,60.36
2022,2022/23,2022-09-01,IT1,Serie A,5,AC Milan,578660000,60,9644333.333333334,550000.0,68.47
2022,2022/23,2022-09-01,IT1,Serie A,46,Inter Milan,573275000,69,8308333.333333333,300000.0,67.39
2022,2022/23,2022-09-01,IT1,Serie A,6195,SSC Napoli,530935000,60,8848916.666666666,450000.0,67.02
2022,2022/23,2022-09-01,IT1,Serie A,506,Juventus FC,468525000,65,7208076.923076923,1000000.0,68.0
2022,2022/23,2022-09-01,IT1,Serie A,12,Associazione Sportiva Roma,372860000,72,5178611.111111111,275000.0,68.29
2022,2022/23,2022-09-01,IT1,Serie A,800,Atalanta BC,348780000,99,3523030.303030303,300000.0,71.36
2022,2022/23,2022-09-01,IT1,Serie A,398,Società Sportiva Lazio S.p.A.,268435000,70,3834785.714285714,287500.0,67.29
2022,2022/23,2022-09-01,IT1,Serie A,430,ACF Fiorentina,247385000,63,3926746.0317460317,600000.0,70.57
2022,2022/23,2022-09-01,IT1,Serie A,6574,US Sassuolo,216900000,85,2551764.705882353,300000.0,69.59
2022,2022/23,2022-09-01,IT1,Serie A,416,Torino FC,159410000,82,1944024.3902439023,300000.0,71.95
2022,2022/23,2022-09-01,IT1,Serie A,410,Udinese Calcio,152275000,77,1977597.4025974027,350000.0,65.36
2022,2022/23,2022-09-01,IT1,Serie A,1025,Bologna Football Club 1909,149300000,92,1622826.0869565217,300000.0,64.4
2022,2022/23,2022-09-01,IT1,Serie A,2919,AC Monza,120525000,40,3013125.0,1700000.0,70.7
2022,2022/23,2022-09-01,IT1,Serie A,749,FC Empoli,107075000,77,1390584.4155844157,300000.0,69.0
2022,2022/23,2022-09-01,IT1,Serie A,380,US Salernitana 1919,105550000,49,2154081.6326530613,700000.0,73.37
2022,2022/23,2022-09-01,IT1,Serie A,276,Hellas Verona,99705000,73,1365821.917808219,275000.0,67.22
2022,2022/23,2022-09-01,IT1,Serie A,1038,UC Sampdoria,96610000,90,1073444.4444444445,287500.0,72.59
2022,2022/23,2022-09-01,IT1,Serie A,1005,US Lecce,81785000,51,1603627.450980392,1400000.0,68.0
2022,2022/23,2022-09-01,IT1,Serie A,2239,US Cremonese,81550000,40,2038750.0,1450000.0,68.2
2022,2022/23,2022-09-01,IT1,Serie A,3522,Spezia Calcio,80075000,45,1779444.4444444445,1000000.0,71.04
2023,2023/24,2023-09-01,L1,Bundesliga,27,Bayern Munich,1052400000,50,21048000.0,2500000.0,63.68
2023,2023/24,2023-09-01,L1,Bundesliga,23826,RB Leipzig,537975000,39,13794230.76923077,3500000.0,59.49
2023,2023/24,2023-09-01,L1,Bundesliga,15,Bayer 04 Leverkusen,481370000,48,10028541.666666666,750000.0,66.96
2023,2023/24,2023-09-01,L1,Bundesliga,16,Borussia Dortmund,430125000,39,11028846.153846154,3000000.0,60.56
2023,2023/24,2023-09-01,L1,Bundesliga,24,Eintracht Frankfurt,344750000,59,5843220.338983051,750000.0,65.24
2023,2023/24,2023-09-01,L1,Bundesliga,82,VfL Wolfsburg,227000000,47,4829787.234042553,800000.0,67.94
2023,2023/24,2023-09-01,L1,Bundesliga,18,Borussia Mönchengladbach,212775000,50,4255500.0,800000.0,63.66
2023,2023/24,2023-09-01,L1,Bundesliga,79,VfB Stuttgart,177050000,45,3934444.4444444445,600000.0,63.64
2023,2023/24,2023-09-01,L1,Bundesliga,89,1.FC Union Berlin,175310000,47,3730000.0,1000000.0,64.04
2023,2023/24,2023-09-01,L1,Bundesliga,60,SC Freiburg,171525000,36,4764583.333333333,2500000.0,66.11
2023,2023/24,2023-09-01,L1,Bundesliga,533,TSG 1899 Hoffenheim,162350000,51,3183333.3333333335,1500000.0,62.69
2023,2023/24,2023-09-01,L1,Bundesliga,39,1.FSV Mainz 05,137350000,51,2693137.254901961,1000000.0,66.55
2023,2023/24,2023-09-01,L1,Bundesliga,167,FC Augsburg,115975000,56,2070982.142857143,575000.0,62.29
2023,2023/24,2023-09-01,L1,Bundesliga,3,1.FC Köln,112650000,48,2346875.0,900000.0,64.98
2023,2023/24,2023-09-01,L1,Bundesliga,86,SV Werder Bremen,100750000,54,1865740.7407407407,475000.0,64.8
2023,2023/24,2023-09-01,L1,Bundesliga,80,VfL Bochum,51825000,32,1619531.25,900000.0,67.41
2023,2023/24,2023-09-01,L1,Bundesliga,105,SV Darmstadt 98,38350000,33,1162121.2121212122,1000000.0,58.55
2023,2023/24,2023-09-01,L1,Bundesliga,2036,1. Fußballclub Heidenheim 1846,38050000,25,1522000.0,900000.0,57.44
2023,2023/24,2023-09-01,ES1,La Liga,418,Real Madrid,1007800000,32,31493750.0,11000000.0,67.59
2023,2023/24,2023-09-01,ES1,La Liga,131,FC Barcelona,810450000,27,30016666.666666668,25000000.0,63.7
2023,2023/24,2023-09-01,ES1,La Liga,13,Atlético de Madrid,477275000,54,8838425.925925925,450000.0,60.37
2023,2023/24,2023-09-01,ES1,La Liga,681,Real Sociedad,409625000,46,8904891.304347826,2750000.0,56.22
2023,2023/24,2023-09-01,ES1,La Liga,1050,Villarreal CF,279050000,48,5813541.666666667,2000000.0,59.4
2023,2023/24,2023-09-01,ES1,La Liga,621,Athletic Bilbao,226125000,45,5025000.0,1500000.0,62.87
2023,2023/24,2023-09-01,ES1,La Liga,1049,Valencia CF,221425000,46,4813586.956521739,2250000.0,65.39
2023,2023/24,2023-09-01,ES1,La Liga,368,Sevilla FC,207375000,44,4713068.181818182,3500000.0,58.2
2023,2023/24,2023-09-01,ES1,La Liga,150,Real Betis Balompié,199725000,64,3120703.125,550000.0,61.5
2023,2023/24,2023-09-01,ES1,La Liga,12321,Girona FC,181250000,35,5178571.428571428,2500000.0,63.26
2023,2023/24,2023-09-01,ES1,La Liga,940,Celta de Vigo,158450000,62,2555645.1612903224,550000.0,58.44
2023,2023/24,2023-09-01,ES1,La Liga,331,CA Osasuna,142625000,60,2377083.3333333335,750000.0,60.53
2023,2023/24,2023-09-01,ES1,La Liga,3709,Getafe CF,119275000,54,2208796.296296296,700000.0,55.43
2023,2023/24,2023-09-01,ES1,La Liga,237,RCD Mallorca,101875000,43,2369186.0465116277,900000.0,67.3
2023,2023/24,2023-09-01,ES1,La Liga,3302,UD Almería,98900000,42,2354761.904761905,1500000.0,62.43
2023,2023/24,2023-09-01,ES1,La Liga,367,Rayo Vallecano,77600000,46,1686956.5217391304,550000.0,64.87
2023,2023/24,2023-09-01,ES1,La Liga,2687,Cádiz CF,71300000,55,1296363.6363636365,1000000.0,62.29
2023,2023/24,2023-09-01,ES1,La Liga,16795,Granada CF,61075000,53,1152358.4905660378,500000.0,64.87
2023,2023/24,2023-09-01,ES1,La Liga,1108,Deportivo Alavés,54850000,50,1097000.0,500000.0,67.58
2023,2023/24,2023-09-01,ES1,La Liga,472,UD Las Palmas,50725000,43,1179651.1627906978,600000.0,59.42
2023,2023/24,2023-09-01,FR1,Ligue 1,583,Paris Saint-Germain,783850000,31,25285483.870967742,10000000.0,60.19
2023,2023/24,2023-09-01,FR1,Ligue 1,162,AS Monaco,316320000,35,9037714.285714285,7000000.0,61.23
2023,2023/24,2023-09-01,FR1,Ligue 1,1082,LOSC Lille,266625000,35,7617857.142857143,5000000.0,67.0
2023,2023/24,2023-09-01,FR1,Ligue 1,273,Stade Rennais FC,256750000,34,7551470.588235294,2500000.0,61.09
2023,2023/24,2023-09-01,FR1,Ligue 1,1041,Olympique Lyon,241300000,39,6187179.487179487,3000000.0,61.05
2023,2023/24,2023-09-01,FR1,Ligue 1,417,OGC Nice,219050000,33,6637878.787878788,2500000.0,63.39
2023,2023/24,2023-09-01,FR1,Ligue 1,826,RC Lens,213400000,37,5767567.567567567,3000000.0,61.03
2023,2023/24,2023-09-01,FR1,Ligue 1,244,Olympique Marseille,190350000,33,5768181.818181818,2200000.0,62.39
2023,2023/24,2023-09-01,FR1,Ligue 1,1421,Stade Reims,150650000,41,3674390.2439024393,1200000.0,59.41
2023,2023/24,2023-09-01,FR1,Ligue 1,1158,FC Lorient,130725000,44,2971022.727272727,1100000.0,64.05
2023,2023/24,2023-09-01,FR1,Ligue 1,995,FC Nantes,118475000,42,2820833.3333333335,1100000.0,59.79
2023,2023/24,2023-09-01,FR1,Ligue 1,667,RC Strasbourg Alsace,115925000,38,3050657.8947368423,1100000.0,63.42
2023,2023/24,2023-09-01,FR1,Ligue 1,969,Montpellier HSC,108875000,51,2134803.9215686275,800000.0,63.67
2023,2023/24,2023-09-01,FR1,Ligue 1,415,FC Toulouse,101750000,44,2312500.0,1350000.0,58.09
2023,2023/24,2023-09-01,FR1,Ligue 1,3911,Stade Brestois 29,86175000,37,2329054.054054054,1200000.0,64.14
2023,2023/24,2023-09-01,FR1,Ligue 1,3524,Clermont Foot 63,51750000,36,1437500.0,800000.0,65.58
2023,2023/24,2023-09-01,FR1,Ligue 1,347,FC Metz,46250000,52,889423.0769230769,425000.0,67.42
2023,2023/24,2023-09-01,FR1,Ligue 1,738,Le Havre AC,37750000,24,1572916.6666666667,1050000.0,66.08
2023,2023/24,2023-09-01,GB1,Premier League,281,Manchester City,1327175000,37,35869594.5945946,20000000.0,65.24
2023,2023/24,2023-09-01,GB1,Premier League,631,Chelsea FC,1167475000,50,23349500.0,19000000.0,61.1
2023,2023/24,2023-09-01,GB1,Premier League,11,Arsenal FC,1142525000,43,26570348.837209303,15000000.0,65.51
2023,2023/24,2023-09-01,GB1,Premier League,985,Manchester United,850250000,48,17713541.666666668,11000000.0,63.96
2023,2023/24,2023-09-01,GB1,Premier League,31,Liverpool FC,849875000,47,18082446.80851064,4000000.0,70.02
2023,2023/24,2023-09-01,GB1,Premier League,148,Tottenham Hotspur,719950000,38,18946052.63157895,13000000.0,60.03
2023,2023/24,2023-09-01,GB1,Premier League,762,Newcastle United,620025000,41,15122560.975609757,3000000.0,68.59
2023,2023/24,2023-09-01,GB1,Premier League,405,Aston Villa,574850000,48,11976041.666666666,2750000.0,69.83
2023,2023/24,2023-09-01,GB1,Premier League,1237,Brighton & Hove Albion,492475000,47,10478191.489361702,4000000.0,67.47
2023,2023/24,2023-09-01,GB1,Premier League,543,Wolverhampton Wanderers,397925000,44,9043750.0,4000000.0,66.02
2023,2023/24,2023-09-01,GB1,Premier League,29,Everton FC,359125000,42,8550595.238095239,3250000.0,70.31
2023,2023/24,2023-09-01,GB1,Premier League,379,West Ham United,356375000,38,9378289.47368421,1050000.0,66.5
2023,2023/24,2023-09-01,GB1,Premier League,1148,Brentford FC,352550000,32,11017187.5,7000000.0,70.69
2023,2023/24,2023-09-01,GB1,Premier League,989,AFC Bournemouth,342250000,43,7959302.325581395,4000000.0,72.49
2023,2023/24,2023-09-01,GB1,Premier League,873,Crystal Palace,330810000,43,7693255.813953488,1200000.0,67.81
2023,2023/24,2023-09-01,GB1,Premier League,703,Nottingham Forest,308300000,34,9067647.05882353,7000000.0,66.15
2023,2023/24,2023-09-01,GB1,Premier League,931,Fulham FC,305650000,38,8043421.052631579,3000000.0,68.95
2023,2023/24,2023-09-01,GB1,Premier League,1132,Burnley FC,187550000,45,4167777.777777778,1000000.0,76.76
2023,2023/24,2023-09-01,GB1,Premier League,350,Sheffield United,163875000,40,4096875.0,1000000.0,77.47
2023,2023/24,2023-09-01,GB1,Premier League,1031,Luton Town,61950000,29,2136206.896551724,1200000.0,77.93
2023,2023/24,2023-09-01,IT1,Serie A,6195,SSC Napoli,620010000,59,10508644.06779661,275000.0,70.49
2023,2023/24,2023-09-01,IT1,Serie A,46,Inter Milan,602910000,65,9275538.461538462,300000.0,71.37
2023,2023/24,2023-09-01,IT1,Serie A,5,AC Milan,492810000,59,8352711.864406779,375000.0,68.86
2023,2023/24,2023-09-01,IT1,Serie A,506,Juventus FC,450425000,60,7507083.333333333,750000.0,71.32
2023,2023/24,2023-09-01,IT1,Serie A,800,Atalanta BC,366245000,100,3662450.0,225000.0,71.15
2023,2023/24,2023-09-01,IT1,Serie A,12,Associazione Sportiva Roma,276960000,65,4260923.076923077,250000.0,69.85
2023,2023/24,2023-09-01,IT1,Serie A,430,ACF Fiorentina,271125000,61,4444672.131147541,600000.0,69.43
2023,2023/24,2023-09-01,IT1,Serie A,398,Società Sportiva Lazio S.p.A.,246660000,66,3737272.727272727,275000.0,68.91
2023,2023/24,2023-09-01,IT1,Serie A,1025,Bologna Football Club 1909,190460000,90,2116222.222222222,362500.0,67.9
2023,2023/24,2023-09-01,IT1,Serie A,416,Torino FC,182695000,79,2312594.9367088606,300000.0,70.08
2023,2023/24,2023-09-01,IT1,Serie A,410,Udinese Calcio,166895000,84,1986845.238095238,275000.0,70.26
2023,2023/24,2023-09-01,IT1,Serie A,6574,US Sassuolo,158100000,76,2080263.1578947369,400000.0,69.71
2023,2023/24,2023-09-01,IT1,Serie A,2919,AC Monza,127300000,34,3744117.6470588236,1500000.0,74.0
2023,2023/24,2023-09-01,IT1,Serie A,380,US Salernitana 1919,116325000,56,2077232.142857143,600000.0,69.95
2023,2023/24,2023-09-01,IT1,Serie A,749,FC Empoli,107260000,75,1430133.3333333333,300000.0,72.97
2023,2023/24,2023-09-01,IT1,Serie A,1005,US Lecce,102580000,54,1899629.6296296297,950000.0,70.13
2023,2023/24,2023-09-01,IT1,Serie A,252,Genoa CFC,91435000,79,1157405.0632911392,300000.0,69.7
2023,2023/24,2023-09-01,IT1,Serie A,276,Hellas Verona,86970000,63,1380476.1904761905,300000.0,68.89
2023,2023/24,2023-09-01,IT1,Serie A,1390,Cagliari Calcio,70525000,74,953040.5405405406,325000.0,68.88
2023,2023/24,2023-09-01,IT1,Serie A,8970,Frosinone Calcio,56785000,53,1071415.0943396227,300000.0,69.15
2024,2024/25,2024-09-01,L1,Bundesliga,27,Bayern Munich,916700000,26,35257692.307692304,35000000.0,74.46
2024,2024/25,2024-09-01,L1,Bundesliga,15,Bayer 04 Leverkusen,643350000,26,24744230.769230768,20000000.0,86.23
2024,2024/25,2024-09-01,L1,Bundesliga,23826,RB Leipzig,541400000,23,23539130.43478261,18000000.0,82.91
2024,2024/25,2024-09-01,L1,Bundesliga,16,Borussia Dortmund,478700000,27,17729629.62962963,15000000.0,82.33
2024,2024/25,2024-09-01,L1,Bundesliga,79,VfB Stuttgart,320600000,27,11874074.074074075,10000000.0,76.0
2024,2024/25,2024-09-01,L1,Bundesliga,24,Eintracht Frankfurt,242050000,32,7564062.5,4750000.0,82.53
2024,2024/25,2024-09-01,L1,Bundesliga,82,VfL Wolfsburg,218200000,29,7524137.931034483,6000000.0,83.21
2024,2024/25,2024-09-01,L1,Bundesliga,533,TSG 1899 Hoffenheim,191200000,35,5462857.142857143,3000000.0,78.71
2024,2024/25,2024-09-01,L1,Bundesliga,18,Borussia Mönchengladbach,172700000,34,5079411.764705882,4000000.0,83.59
2024,2024/25,2024-09-01,L1,Bundesliga,60,SC Freiburg,154950000,27,5738888.888888889,4000000.0,80.22
2024,2024/25,2024-09-01,L1,Bundesliga,86,SV Werder Bremen,117600000,28,4200000.0,4000000.0,78.71
2024,2024/25,2024-09-01,L1,Bundesliga,167,FC Augsburg,113375000,29,3909482.7586206896,3000000.0,77.55
2024,2024/25,2024-09-01,L1,Bundesliga,39,1.FSV Mainz 05,105650000,26,4063461.5384615385,2500000.0,79.65
2024,2024/25,2024-09-01,L1,Bundesliga,89,1.FC Union Berlin,96575000,21,4598809.523809524,4000000.0,87.57
2024,2024/25,2024-09-01,L1,Bundesliga,2036,1. Fußballclub Heidenheim 1846,87100000,32,2721875.0,1500000.0,77.19
2024,2024/25,2024-09-01,L1,Bundesliga,80,VfL Bochum,66700000,32,2084375.0,1200000.0,84.31
2024,2024/25,2024-09-01,L1,Bundesliga,269,Holstein Kiel,35075000,20,1753750.0,1250000.0,77.2
2024,2024/25,2024-09-01,L1,Bundesliga,35,FC St. Pauli,33950000,22,1543181.8181818181,1150000.0,77.45
2024,2024/25,2024-09-01,ES1,La Liga,418,Real Madrid,1148000000,23,49913043.47826087,25000000.0,74.22
2024,2024/25,2024-09-01,ES1,La Liga,131,FC Barcelona,953000000,30,31766666.666666668,22500000.0,63.0
2024,2024/25,2024-09-01,ES1,La Liga,681,Real Sociedad,469800000,26,18069230.769230768,11500000.0,73.77
2024,2024/25,2024-09-01,ES1,La Liga,13,Atlético de Madrid,436100000,22,19822727.272727273,20000000.0,75.55
2024,2024/25,2024-09-01,ES1,La Liga,621,Athletic Bilbao,322000000,26,12384615.384615384,5000000.0,73.81
2024,2024/25,2024-09-01,ES1,La Liga,1050,Villarreal CF,304100000,32,9503125.0,6500000.0,70.28
2024,2024/25,2024-09-01,ES1,La Liga,12321,Girona FC,289100000,23,12569565.217391305,5000000.0,78.0
2024,2024/25,2024-09-01,ES1,La Liga,1049,Valencia CF,241500000,24,10062500.0,5000000.0,72.79
2024,2024/25,2024-09-01,ES1,La Liga,368,Sevilla FC,215800000,30,7193333.333333333,6000000.0,70.67
2024,2024/25,2024-09-01,ES1,La Liga,150,Real Betis Balompié,194500000,25,7780000.0,7000000.0,78.64
2024,2024/25,2024-09-01,ES1,La Liga,1108,Deportivo Alavés,117700000,24,4904166.666666667,4000000.0,74.62
2024,2024/25,2024-09-01,ES1,La Liga,940,Celta de Vigo,112400000,26,4323076.923076923,3000000.0,73.62
2024,2024/25,2024-09-01,ES1,La Liga,331,CA Osasuna,108600000,23,4721739.130434782,4000000.0,82.0
2024,2024/25,2024-09-01,ES1,La Liga,472,UD Las Palmas,96400000,24,4016666.6666666665,1450000.0,80.25
2024,2024/25,2024-09-01,ES1,La Liga,237,RCD Mallorca,89100000,24,3712500.0,2650000.0,82.17
2024,2024/25,2024-09-01,ES1,La Liga,3709,Getafe CF,84200000,23,3660869.565217391,2800000.0,72.0
2024,2024/25,2024-09-01,ES1,La Liga,367,Rayo Vallecano,60900000,23,2647826.086956522,2500000.0,76.0
2024,2024/25,2024-09-01,ES1,La Liga,714,RCD Espanyol Barcelona,51400000,18,2855555.5555555555,2000000.0,56.11
2024,2024/25,2024-09-01,ES1,La Liga,366,Real Valladolid CF,43200000,24,1800000.0,1500000.0,53.42
2024,2024/25,2024-09-01,ES1,La Liga,1244,CD Leganés,29400000,16,1837500.0,1600000.0,63.56
2024,2024/25,2024-09-01,FR1,Ligue 1,583,Paris Saint-Germain,1083750000,28,38705357.14285714,40000000.0,73.29
2024,2024/25,2024-09-01,FR1,Ligue 1,162,AS Monaco,393200000,25,15728000.0,15000000.0,74.88
2024,2024/25,2024-09-01,FR1,Ligue 1,244,Olympique Marseille,308800000,28,11028571.42857143,10000000.0,61.36
2024,2024/25,2024-09-01,FR1,Ligue 1,417,OGC Nice,292550000,30,9751666.666666666,8000000.0,72.2
2024,2024/25,2024-09-01,FR1,Ligue 1,1082,LOSC Lille,258200000,28,9221428.57142857,5500000.0,76.5
2024,2024/25,2024-09-01,FR1,Ligue 1,1041,Olympique Lyon,251300000,29,8665517.24137931,7000000.0,73.55
2024,2024/25,2024-09-01,FR1,Ligue 1,273,Stade Rennais FC,241150000,25,9646000.0,8000000.0,84.32
2024,2024/25,2024-09-01,FR1,Ligue 1,826,RC Lens,169800000,27,6288888.888888889,4500000.0,80.37
2024,2024/25,2024-09-01,FR1,Ligue 1,667,RC Strasbourg Alsace,165800000,30,5526666.666666667,2500000.0,70.53
2024,2024/25,2024-09-01,FR1,Ligue 1,3911,Stade Brestois 29,125250000,26,4817307.692307692,3500000.0,81.69
2024,2024/25,2024-09-01,FR1,Ligue 1,1421,Stade Reims,107600000,23,4678260.869565218,5000000.0,78.26
2024,2024/25,2024-09-01,FR1,Ligue 1,995,FC Nantes,101150000,29,3487931.0344827585,2500000.0,74.55
2024,2024/25,2024-09-01,FR1,Ligue 1,969,Montpellier HSC,96500000,25,3860000.0,2500000.0,85.68
2024,2024/25,2024-09-01,FR1,Ligue 1,415,FC Toulouse,87900000,25,3516000.0,3000000.0,81.76
2024,2024/25,2024-09-01,FR1,Ligue 1,738,Le Havre AC,73200000,26,2815384.6153846155,2500000.0,84.15
2024,2024/25,2024-09-01,FR1,Ligue 1,618,AS Saint-Étienne,52900000,25,2116000.0,2000000.0,69.84
2024,2024/25,2024-09-01,FR1,Ligue 1,290,AJ Auxerre,45600000,20,2280000.0,1800000.0,71.4
2024,2024/25,2024-09-01,FR1,Ligue 1,1420,Angers SCO,18950000,18,1052777.7777777778,800000.0,66.67
2024,2024/25,2024-09-01,GB1,Premier League,281,Manchester City,1207200000,22,54872727.27272727,40000000.0,76.36
2024,2024/25,2024-09-01,GB1,Premier League,11,Arsenal FC,1102000000,23,47913043.47826087,35000000.0,73.7
2024,2024/25,2024-09-01,GB1,Premier League,31,Liverpool FC,959900000,29,33100000.0,30000000.0,86.28
2024,2024/25,2024-09-01,GB1,Premier League,631,Chelsea FC,927500000,32,28984375.0,27500000.0,78.91
2024,2024/25,2024-09-01,GB1,Premier League,985,Manchester United,862250000,30,28741666.666666668,21000000.0,67.17
2024,2024/25,2024-09-01,GB1,Premier League,148,Tottenham Hotspur,810300000,27,30011111.111111112,35000000.0,80.15
2024,2024/25,2024-09-01,GB1,Premier League,405,Aston Villa,638750000,27,23657407.407407407,22000000.0,74.85
2024,2024/25,2024-09-01,GB1,Premier League,762,Newcastle United,632700000,28,22596428.57142857,15500000.0,89.82
2024,2024/25,2024-09-01,GB1,Premier League,1237,Brighton & Hove Albion,540100000,29,18624137.931034483,18000000.0,69.76
2024,2024/25,2024-09-01,GB1,Premier League,1148,Brentford FC,456175000,32,14255468.75,12000000.0,87.09
2024,2024/25,2024-09-01,GB1,Premier League,379,West Ham United,422300000,21,20109523.80952381,12000000.0,87.43
2024,2024/25,2024-09-01,GB1,Premier League,873,Crystal Palace,405700000,27,15025925.925925925,10000000.0,85.11
2024,2024/25,2024-09-01,GB1,Premier League,703,Nottingham Forest,399200000,28,14257142.857142856,12000000.0,80.64
2024,2024/25,2024-09-01,GB1,Premier League,543,Wolverhampton Wanderers,339875000,24,14161458.333333334,9000000.0,78.92
2024,2024/25,2024-09-01,GB1,Premier League,29,Everton FC,331900000,26,12765384.615384616,11500000.0,87.04
2024,2024/25,2024-09-01,GB1,Premier League,989,AFC Bournemouth,319300000,24,13304166.666666666,15000000.0,85.83
2024,2024/25,2024-09-01,GB1,Premier League,931,Fulham FC,287200000,22,13054545.454545455,14000000.0,91.32
2024,2024/25,2024-09-01,GB1,Premier League,180,Southampton FC,225100000,27,8337037.037037037,5000000.0,89.63
2024,2024/25,2024-09-01,GB1,Premier League,1003,Leicester City,176600000,20,8830000.0,6250000.0,87.75
2024,2024/25,2024-09-01,GB1,Premier League,677,Ipswich Town,147050000,23,6393478.260869565,3000000.0,72.61
2024,2024/25,2024-09-01,IT1,Serie A,46,Inter Milan,660800000,29,22786206.896551725,7000000.0,78.1
2024,2024/25,2024-09-01,IT1,Serie A,506,Juventus FC,529200000,29,18248275.862068966,12000000.0,66.72
2024,2024/25,2024-09-01,IT1,Serie A,5,AC Milan,526050000,28,18787500.0,19000000.0,71.89
2024,2024/25,2024-09-01,IT1,Serie A,800,Atalanta BC,438800000,29,15131034.48275862,10000000.0,79.52
2024,2024/25,2024-09-01,IT1,Serie A,6195,SSC Napoli,379350000,26,14590384.615384616,12000000.0,83.27
2024,2024/25,2024-09-01,IT1,Serie A,1025,Bologna Football Club 1909,359100000,31,11583870.967741935,8000000.0,77.23
2024,2024/25,2024-09-01,IT1,Serie A,12,Associazione Sportiva Roma,297650000,26,11448076.923076924,9000000.0,76.96
2024,2024/25,2024-09-01,IT1,Serie A,430,ACF Fiorentina,295700000,34,8697058.823529411,7250000.0,69.91
2024,2024/25,2024-09-01,IT1,Serie A,398,Società Sportiva Lazio S.p.A.,226600000,29,7813793.1034482755,4000000.0,75.28
2024,2024/25,2024-09-01,IT1,Serie A,416,Torino FC,195300000,27,7233333.333333333,3500000.0,78.89
2024,2024/25,2024-09-01,IT1,Serie A,410,Udinese Calcio,155850000,30,5195000.0,3750000.0,75.63
2024,2024/25,2024-09-01,IT1,Serie A,252,Genoa CFC,138250000,29,4767241.379310345,2400000.0,79.52
2024,2024/25,2024-09-01,IT1,Serie A,2919,AC Monza,117200000,27,4340740.740740741,3500000.0,84.96
2024,2024/25,2024-09-01,IT1,Serie A,276,Hellas Verona,97475000,30,3249166.6666666665,2700000.0,77.07
2024,2024/25,2024-09-01,IT1,Serie A,130,Parma Calcio 1913,92850000,23,4036956.5217391304,2200000.0,78.7
2024,2024/25,2024-09-01,IT1,Serie A,1005,US Lecce,87275000,31,2815322.580645161,2500000.0,80.06
2024,2024/25,2024-09-01,IT1,Serie A,1390,Cagliari Calcio,80375000,28,2870535.714285714,2500000.0,84.29
2024,2024/25,2024-09-01,IT1,Serie A,1047,Como 1907,73200000,23,3182608.695652174,2000000.0,76.91
2024,2024/25,2024-09-01,IT1,Serie A,749,FC Empoli,69900000,27,2588888.888888889,2000000.0,82.67
2024,2024/25,2024-09-01,IT1,Serie A,607,Venezia FC,26500000,12,2208333.3333333335,1600000.0,90.0
2025,2025/26,2025-09-01,L1,Bundesliga,27,Bayern Munich,849500000,26,32673076.923076924,22000000.0,78.81
2025,2025/26,2025-09-01,L1,Bundesliga,16,Borussia Dortmund,502300000,29,17320689.655172415,8500000.0,71.86
2025,2025/26,2025-09-01,L1,Bundesliga,23826,RB Leipzig,472400000,26,18169230.769230768,12000000.0,70.69
2025,2025/26,2025-09-01,L1,Bundesliga,15,Bayer 04 Leverkusen,462050000,28,16501785.714285715,12000000.0,73.36
2025,2025/26,2025-09-01,L1,Bundesliga,79,VfB Stuttgart,373100000,36,10363888.888888888,8000000.0,69.94
2025,2025/26,2025-09-01,L1,Bundesliga,24,Eintracht Frankfurt,334050000,25,13362000.0,10000000.0,73.6
2025,2025/26,2025-09-01,L1,Bundesliga,82,VfL Wolfsburg,227000000,25,9080000.0,7000000.0,75.4
2025,2025/26,2025-09-01,L1,Bundesliga,533,TSG 1899 Hoffenheim,200400000,37,5416216.216216216,3000000.0,75.62
2025,2025/26,2025-09-01,L1,Bundesliga,60,SC Freiburg,179900000,28,6425000.0,6000000.0,79.96
2025,2025/26,2025-09-01,L1,Bundesliga,39,1.FSV Mainz 05,176950000,23,7693478.260869565,3500000.0,82.13
2025,2025/26,2025-09-01,L1,Bundesliga,86,SV Werder Bremen,151400000,29,5220689.655172414,4000000.0,77.45
2025,2025/26,2025-09-01,L1,Bundesliga,18,Borussia Mönchengladbach,148750000,28,5312500.0,4000000.0,74.5
2025,2025/26,2025-09-01,L1,Bundesliga,167,FC Augsburg,138825000,27,5141666.666666667,3000000.0,74.67
2025,2025/26,2025-09-01,L1,Bundesliga,89,1.FC Union Berlin,132500000,28,4732142.857142857,3000000.0,75.89
2025,2025/26,2025-09-01,L1,Bundesliga,41,Hamburger SV,110550000,30,3685000.0,2250000.0,60.57
2025,2025/26,2025-09-01,L1,Bundesliga,3,1.FC Köln,95875000,25,3835000.0,3000000.0,56.32
2025,2025/26,2025-09-01,L1,Bundesliga,2036,1. Fußballclub Heidenheim 1846,62875000,28,2245535.714285714,1500000.0,79.14
2025,2025/26,2025-09-01,L1,Bundesliga,35,FC St. Pauli,62125000,27,2300925.925925926,2000000.0,68.26
2025,2025/26,2025-09-01,ES1,La Liga,418,Real Madrid,1333000000,26,51269230.76923077,32500000.0,57.5
2025,2025/26,2025-09-01,ES1,La Liga,131,FC Barcelona,1112000000,26,42769230.76923077,32500000.0,65.65
2025,2025/26,2025-09-01,ES1,La Liga,13,Atlético de Madrid,460800000,20,23040000.0,18000000.0,73.4
2025,2025/26,2025-09-01,ES1,La Liga,621,Athletic Bilbao,369400000,25,14776000.0,6000000.0,75.52
2025,2025/26,2025-09-01,ES1,La Liga,1050,Villarreal CF,304100000,28,10860714.285714285,8000000.0,61.29
2025,2025/26,2025-09-01,ES1,La Liga,681,Real Sociedad,257400000,27,9533333.333333334,8000000.0,46.7
2025,2025/26,2025-09-01,ES1,La Liga,150,Real Betis Balompié,244500000,26,9403846.153846154,5000000.0,64.31
2025,2025/26,2025-09-01,ES1,La Liga,1049,Valencia CF,144400000,21,6876190.476190476,5000000.0,63.81
2025,2025/26,2025-09-01,ES1,La Liga,368,Sevilla FC,135400000,17,7964705.882352941,6000000.0,77.76
2025,2025/26,2025-09-01,ES1,La Liga,12321,Girona FC,129800000,27,4807407.407407408,3000000.0,57.59
2025,2025/26,2025-09-01,ES1,La Liga,714,RCD Espanyol Barcelona,125500000,24,5229166.666666667,3000000.0,72.96
2025,2025/26,2025-09-01,ES1,La Liga,940,Celta de Vigo,123900000,25,4956000.0,3500000.0,60.68
2025,2025/26,2025-09-01,ES1,La Liga,331,CA Osasuna,108200000,20,5410000.0,3000000.0,76.05
2025,2025/26,2025-09-01,ES1,La Liga,237,RCD Mallorca,83200000,23,3617391.304347826,2500000.0,70.17
2025,2025/26,2025-09-01,ES1,La Liga,3709,Getafe CF,77200000,23,3356521.7391304346,2000000.0,70.17
2025,2025/26,2025-09-01,ES1,La Liga,367,Rayo Vallecano,75600000,23,3286956.5217391304,2000000.0,77.09
2025,2025/26,2025-09-01,ES1,La Liga,1108,Deportivo Alavés,73200000,25,2928000.0,3000000.0,67.76
2025,2025/26,2025-09-01,ES1,La Liga,3368,Levante UD,67400000,17,3964705.882352941,2000000.0,51.12
2025,2025/26,2025-09-01,ES1,La Liga,1531,Elche CF,59400000,23,2582608.695652174,2000000.0,47.52
2025,2025/26,2025-09-01,ES1,La Liga,2497,Real Oviedo,32900000,17,1935294.1176470588,1500000.0,55.29
2025,2025/26,2025-09-01,FR1,Ligue 1,583,Paris Saint-Germain,1191800000,26,45838461.538461536,40000000.0,65.88
2025,2025/26,2025-09-01,FR1,Ligue 1,162,AS Monaco,382900000,27,14181481.481481481,12000000.0,72.41
2025,2025/26,2025-09-01,FR1,Ligue 1,244,Olympique Marseille,306000000,26,11769230.76923077,8500000.0,72.35
2025,2025/26,2025-09-01,FR1,Ligue 1,1082,LOSC Lille,290100000,24,12087500.0,7500000.0,73.0
2025,2025/26,2025-09-01,FR1,Ligue 1,1041,Olympique Lyon,242600000,25,9704000.0,6000000.0,73.8
2025,2025/26,2025-09-01,FR1,Ligue 1,667,RC Strasbourg Alsace,212600000,27,7874074.074074074,5000000.0,69.22
2025,2025/26,2025-09-01,FR1,Ligue 1,417,OGC Nice,192900000,26,7419230.769230769,6000000.0,66.46
2025,2025/26,2025-09-01,FR1,Ligue 1,273,Stade Rennais FC,172400000,27,6385185.185185186,6000000.0,75.44
2025,2025/26,2025-09-01,FR1,Ligue 1,826,RC Lens,132600000,27,4911111.111111111,5000000.0,73.0
2025,2025/26,2025-09-01,FR1,Ligue 1,415,FC Toulouse,106700000,25,4268000.0,2500000.0,66.96
2025,2025/26,2025-09-01,FR1,Ligue 1,995,FC Nantes,94600000,24,3941666.6666666665,2750000.0,69.42
2025,2025/26,2025-09-01,FR1,Ligue 1,3911,Stade Brestois 29,92600000,20,4630000.0,5000000.0,79.8
2025,2025/26,2025-09-01,FR1,Ligue 1,290,AJ Auxerre,88950000,23,3867391.304347826,2500000.0,76.7
2025,2025/26,2025-09-01,FR1,Ligue 1,10004,Paris FC,81450000,23,3541304.347826087,2500000.0,72.91
2025,2025/26,2025-09-01,FR1,Ligue 1,1158,FC Lorient,71250000,23,3097826.086956522,2500000.0,68.39
2025,2025/26,2025-09-01,FR1,Ligue 1,738,Le Havre AC,65000000,29,2241379.3103448274,2000000.0,71.69
2025,2025/26,2025-09-01,FR1,Ligue 1,347,FC Metz,44400000,22,2018181.8181818181,1200000.0,79.86
2025,2025/26,2025-09-01,FR1,Ligue 1,1420,Angers SCO,30900000,23,1343478.2608695652,1000000.0,62.61
2025,2025/26,2025-09-01,GB1,Premier League,31,Liverpool FC,1359700000,29,46886206.89655172,40000000.0,66.72
2025,2025/26,2025-09-01,GB1,Premier League,281,Manchester City,1223100000,28,43682142.85714286,33500000.0,70.0
2025,2025/26,2025-09-01,GB1,Premier League,11,Arsenal FC,1185500000,23,51543478.26086956,45000000.0,64.78
2025,2025/26,2025-09-01,GB1,Premier League,631,Chelsea FC,1110800000,34,32670588.23529412,25000000.0,71.79
2025,2025/26,2025-09-01,GB1,Premier League,148,Tottenham Hotspur,810600000,27,30022222.222222224,32000000.0,72.67
2025,2025/26,2025-09-01,GB1,Premier League,762,Newcastle United,756125000,29,26073275.862068966,18000000.0,74.72
2025,2025/26,2025-09-01,GB1,Premier League,985,Manchester United,701200000,25,28048000.0,28000000.0,73.08
2025,2025/26,2025-09-01,GB1,Premier League,703,Nottingham Forest,639350000,28,22833928.57142857,21000000.0,71.71
2025,2025/26,2025-09-01,GB1,Premier League,1237,Brighton & Hove Albion,523600000,26,20138461.53846154,22000000.0,67.38
2025,2025/26,2025-09-01,GB1,Premier League,405,Aston Villa,520000000,20,26000000.0,25000000.0,70.0
2025,2025/26,2025-09-01,GB1,Premier League,989,AFC Bournemouth,463100000,24,19295833.333333332,16500000.0,72.0
2025,2025/26,2025-09-01,GB1,Premier League,873,Crystal Palace,458750000,26,17644230.769230768,13500000.0,68.65
2025,2025/26,2025-09-01,GB1,Premier League,379,West Ham United,417000000,25,16680000.0,17000000.0,72.88
2025,2025/26,2025-09-01,GB1,Premier League,29,Everton FC,413000000,23,17956521.739130434,18000000.0,68.96
2025,2025/26,2025-09-01,GB1,Premier League,931,Fulham FC,400750000,26,15413461.538461538,13500000.0,73.69
2025,2025/26,2025-09-01,GB1,Premier League,1148,Brentford FC,395575000,24,16482291.666666666,15500000.0,68.42
2025,2025/26,2025-09-01,GB1,Premier League,543,Wolverhampton Wanderers,367700000,30,12256666.666666666,10000000.0,80.9
2025,2025/26,2025-09-01,GB1,Premier League,399,Leeds United,298450000,27,11053703.703703703,12000000.0,73.07
2025,2025/26,2025-09-01,GB1,Premier League,289,Sunderland AFC,265050000,23,11523913.043478262,10000000.0,65.96
2025,2025/26,2025-09-01,GB1,Premier League,1132,Burnley FC,212550000,27,7872222.222222222,6500000.0,66.78
2025,2025/26,2025-09-01,IT1,Serie A,46,Inter Milan,705300000,28,25189285.714285713,19000000.0,64.57
2025,2025/26,2025-09-01,IT1,Serie A,506,Juventus FC,618700000,27,22914814.814814813,24000000.0,62.67
2025,2025/26,2025-09-01,IT1,Serie A,5,AC Milan,520200000,28,18578571.42857143,17000000.0,61.64
2025,2025/26,2025-09-01,IT1,Serie A,800,Atalanta BC,512000000,30,17066666.666666668,16500000.0,64.27
2025,2025/26,2025-09-01,IT1,Serie A,6195,SSC Napoli,433050000,25,17322000.0,15000000.0,68.0
2025,2025/26,2025-09-01,IT1,Serie A,12,Associazione Sportiva Roma,374500000,30,12483333.333333334,8000000.0,60.0
2025,2025/26,2025-09-01,IT1,Serie A,1025,Bologna Football Club 1909,287500000,29,9913793.103448275,7500000.0,63.24
2025,2025/26,2025-09-01,IT1,Serie A,430,ACF Fiorentina,282500000,29,9741379.310344828,6000000.0,62.62
2025,2025/26,2025-09-01,IT1,Serie A,398,Società Sportiva Lazio S.p.A.,267750000,30,8925000.0,3750000.0,68.0
2025,2025/26,2025-09-01,IT1,Serie A,1047,Como 1907,257450000,35,7355714.285714285,3500000.0,63.43
2025,2025/26,2025-09-01,IT1,Serie A,252,Genoa CFC,171250000,28,6116071.428571428,3000000.0,67.43
2025,2025/26,2025-09-01,IT1,Serie A,410,Udinese Calcio,152050000,29,5243103.448275862,4500000.0,63.59
2025,2025/26,2025-09-01,IT1,Serie A,130,Parma Calcio 1913,140550000,27,5205555.555555556,3000000.0,67.11
2025,2025/26,2025-09-01,IT1,Serie A,416,Torino FC,119300000,25,4772000.0,3000000.0,69.6
2025,2025/26,2025-09-01,IT1,Serie A,6574,US Sassuolo,97950000,19,5155263.157894737,4500000.0,76.53
2025,2025/26,2025-09-01,IT1,Serie A,276,Hellas Verona,91250000,31,2943548.3870967743,2000000.0,66.97
2025,2025/26,2025-09-01,IT1,Serie A,4172,Pisa Sporting Club,76700000,23,3334782.6086956523,3000000.0,77.65
2025,2025/26,2025-09-01,IT1,Serie A,1390,Cagliari Calcio,75300000,23,3273913.0434782607,3000000.0,63.83
2025,2025/26,2025-09-01,IT1,Serie A,1005,US Lecce,66475000,31,2144354.8387096776,2000000.0,64.39
2025,2025/26,2025-09-01,IT1,Serie A,2239,US Cremonese,28950000,14,2067857.142857143,1500000.0,71.36
